id,title,description,price,image_url,country,location,category,instruction,input,response,attractions,best_time,halal_info,budget_level,suggested_days,tags
1,"Tashkent, Uzbekistan - Tour Package",Nice — do you want a city-focused or nature-focused itinerary?,2500,https://images.unsplash.com/photo-1567427217543-7c3f0533cf63?ixlib=rb-4.0.3&auto=format&fit=crop&w=800&q=60,Uzbekistan,Tashkent,Conversation,I have 7 days and want to explore Uzbekistan.,,Nice — do you want a city-focused or nature-focused itinerary?,Gur-e-Amir; Shah-i-Zinda; Ark Fortress,"April–June, September–October",halal available,luxury,5,"nature, family, adventure"
2,"Tashkent, Uzbekistan - Tour Package","Yes, Tashkent has halal restaurants. Popular options include local Central Asian cuisine and some halal-certified eateries in the city center.",2500,https://images.unsplash.com/photo-1567427217543-7c3f0533cf63?ixlib=rb-4.0.3&auto=format&fit=crop&w=800&q=60,Uzbekistan,Tashkent,Q&A,"Are there halal restaurants in Tashkent, Uzbekistan?",,"Yes, Tashkent has halal restaurants. Popular options include local Central Asian cuisine and some halal-certified eateries in the city center.",Shah-i-Zinda; Registan; Ark Fortress,"April–June, September–October",halal available,luxury,7,"budget, nature, adventure"
3,"Turkmenbashi, Turkmenistan - Tour Package","Great! Do you prefer culture, nature, or adventure?",800,https://images.unsplash.com/photo-1488646953014-85cb44e25828?ixlib=rb-4.0.3&auto=format&fit=crop&w=800&q=60,Turkmenistan,Turkmenbashi,Conversation,"Hi, I want to plan a trip to Turkmenistan.",,"Great! Do you prefer culture, nature, or adventure?",Ruins of Merv; Kunya-Urgench; Yangykala Canyon,"April–June, September–October",halal available,budget,10,"halal, history, budget"
4,"Dushanbe, Tajikistan - Tour Package",Day 1: Explore the city highlights in Dushanbe. Day 2: Visit nearby cultural or nature spots. Day 3: Shopping and local cuisine. Adjust based on inter...,2500,https://images.unsplash.com/photo-1488646953014-85cb44e25828?ixlib=rb-4.0.3&auto=format&fit=crop&w=800&q=60,Tajikistan,Dushanbe,Q&A,"Recommend a 3-day itinerary for Dushanbe, Tajikistan.",,Day 1: Explore the city highlights in Dushanbe. Day 2: Visit nearby cultural or nature spots. Day 3: Shopping and local cuisine. Adjust based on interests.,Ancient Penjikent; Fann Mountains; Iskanderkul,May–September,halal available,luxury,1,"budget, history, family"
5,"Jalal-Abad, Kyrgyzstan - Tour Package",I can recommend popular halal restaurants nearby — any cuisine preference?,2500,https://images.unsplash.com/photo-1488646953014-85cb44e25828?ixlib=rb-4.0.3&auto=format&fit=crop&w=800&q=60,Kyrgyzstan,Jalal-Abad,Conversation,I am looking for halal food in Jalal-Abad.,,I can recommend popular halal restaurants nearby — any cuisine preference?,Fairy Tale Canyon; Issyk-Kul Lake; Burana Tower,June–September,halal available,luxury,2,"family, history, nature"
6,"Khiva, Uzbekistan - Tour Package","Popular activities include hiking, horseback riding, lake visits, and cultural walks depending on the country.",2500,https://images.unsplash.com/photo-1506905925346-21bda4d32df4?ixlib=rb-4.0.3&auto=format&fit=crop&w=800&q=60,Uzbekistan,Khiva,Q&A,What outdoor activities are popular in Uzbekistan?,,"Popular activities include hiking, horseback riding, lake visits, and cultural walks depending on the country.",Ark Fortress; Gur-e-Amir; Itchan Kala,"April–June, September–October",halal available,luxury,3,"nature, family, halal"
7,"Aktau, Kazakhstan - Tour Package",Nice — do you want a city-focused or nature-focused itinerary?,2500,https://images.unsplash.com/photo-1488646953014-85cb44e25828?ixlib=rb-4.0.3&auto=format&fit=crop&w=800&q=60,Kazakhstan,Aktau,Conversation,I have 7 days and want to explore Kazakhstan.,,Nice — do you want a city-focused or nature-focused itinerary?,Big Almaty Lake; Aksu-Zhabagly; Medeu Skating Rink,May–September,limited halal options,luxury,7,"adventure, halal, food"
8,"Samarkand, Uzbekistan - Tour Package",I can recommend popular halal restaurants nearby — any cuisine preference?,2500,https://images.unsplash.com/photo-1584837403392-39b23aa8c9e0?ixlib=rb-4.0.3&auto=format&fit=crop&w=800&q=60,Uzbekistan,Samarkand,Conversation,I am looking for halal food in Samarkand.,,I can recommend popular halal restaurants nearby — any cuisine preference?,Itchan Kala; Ark Fortress; Registan,"April–June, September–October",halal available,luxury,7,"halal, nature, luxury"
9,"Istaravshan, Tajikistan - Tour Package",Sure — how many family members and ages?,2500,https://images.unsplash.com/photo-1488646953014-85cb44e25828?ixlib=rb-4.0.3&auto=format&fit=crop&w=800&q=60,Tajikistan,Istaravshan,Conversation,Can you help me plan a family trip to Istaravshan?,,Sure — how many family members and ages?,Pamir Mountains; Fann Mountains; Iskanderkul,May–September,halal available,luxury,5,"family, halal, luxury"
10,"Panjakent, Tajikistan - Tour Package","Yes, Panjakent has halal restaurants. Popular options include local Central Asian cuisine and some halal-certified eateries in the city center.",800,https://images.unsplash.com/photo-1488646953014-85cb44e25828?ixlib=rb-4.0.3&auto=format&fit=crop&w=800&q=60,Tajikistan,Panjakent,Q&A,"Are there halal restaurants in Panjakent, Tajikistan?",,"Yes, Panjakent has halal restaurants. Popular options include local Central Asian cuisine and some halal-certified eateries in the city center.",Pamir Mountains; Rudaki Park; Iskanderkul,May–September,halal available,budget,2,"food, budget, halal"
11,"Panjakent, Tajikistan - Tour Package",Tajikistan is generally safe for tourists; follow usual travel safety precautions and check local advice for female travelers.,2500,https://images.unsplash.com/photo-1488646953014-85cb44e25828?ixlib=rb-4.0.3&auto=format&fit=crop&w=800&q=60,Tajikistan,Panjakent,Q&A,Is Tajikistan safe for solo female travelers?,,Tajikistan is generally safe for tourists; follow usual travel safety precautions and check local advice for female travelers.,Ancient Penjikent; Rudaki Park; Fann Mountains,May–September,halal available,luxury,10,"history, halal, budget"
12,"Shakhrisabz, Uzbekistan - Tour Package",I can recommend popular halal restaurants nearby — any cuisine preference?,800,https://images.unsplash.com/photo-1488646953014-85cb44e25828?ixlib=rb-4.0.3&auto=format&fit=crop&w=800&q=60,Uzbekistan,Shakhrisabz,Conversation,I am looking for halal food in Shakhrisabz.,,I can recommend popular halal restaurants nearby — any cuisine preference?,Registan; Ark Fortress; Gur-e-Amir,"April–June, September–October",halal available,budget,7,"family, luxury, nature"
13,"Ashgabat, Turkmenistan - Tour Package",I can recommend popular halal restaurants nearby — any cuisine preference?,800,https://images.unsplash.com/photo-1488646953014-85cb44e25828?ixlib=rb-4.0.3&auto=format&fit=crop&w=800&q=60,Turkmenistan,Ashgabat,Conversation,I am looking for halal food in Ashgabat.,,I can recommend popular halal restaurants nearby — any cuisine preference?,Yangykala Canyon; Ruins of Merv; Darvaza Gas Crater,"April–June, September–October",halal available,budget,5,"history, family, food"
14,"Dushanbe, Tajikistan - Tour Package",Day 1: Explore the city highlights in Dushanbe. Day 2: Visit nearby cultural or nature spots. Day 3: Shopping and local cuisine. Adjust based on inter...,2500,https://images.unsplash.com/photo-1488646953014-85cb44e25828?ixlib=rb-4.0.3&auto=format&fit=crop&w=800&q=60,Tajikistan,Dushanbe,Q&A,"Recommend a 3-day itinerary for Dushanbe, Tajikistan.",,Day 1: Explore the city highlights in Dushanbe. Day 2: Visit nearby cultural or nature spots. Day 3: Shopping and local cuisine. Adjust based on interests.,Fann Mountains; Pamir Mountains; Iskanderkul,May–September,halal available,luxury,1,"nature, halal, adventure"
15,"Shakhrisabz, Uzbekistan - Tour Package",Nice — do you want a city-focused or nature-focused itinerary?,2500,https://images.unsplash.com/photo-1488646953014-85cb44e25828?ixlib=rb-4.0.3&auto=format&fit=crop&w=800&q=60,Uzbekistan,Shakhrisabz,Conversation,I have 7 days and want to explore Uzbekistan.,,Nice — do you want a city-focused or nature-focused itinerary?,Itchan Kala; Gur-e-Amir; Shah-i-Zinda,"April–June, September–October",halal available,luxury,4,"adventure, family, halal"
16,"Shymkent, Kazakhstan - Tour Package","Popular activities include hiking, horseback riding, lake visits, and cultural walks depending on the country.",800,https://images.unsplash.com/photo-1488646953014-85cb44e25828?ixlib=rb-4.0.3&auto=format&fit=crop&w=800&q=60,Kazakhstan,Shymkent,Q&A,What outdoor activities are popular in Kazakhstan?,,"Popular activities include hiking, horseback riding, lake visits, and cultural walks depending on the country.",Bayterek Tower; Big Almaty Lake; Aksu-Zhabagly,May–September,halal available,budget,2,"nature, food, history"
17,"Balkanabat, Turkmenistan - Tour Package","Yes, Balkanabat has halal restaurants. Popular options include local Central Asian cuisine and some halal-certified eateries in the city center.",800,https://images.unsplash.com/photo-1488646953014-85cb44e25828?ixlib=rb-4.0.3&auto=format&fit=crop&w=800&q=60,Turkmenistan,Balkanabat,Q&A,"Are there halal restaurants in Balkanabat, Turkmenistan?",,"Yes, Balkanabat has halal restaurants. Popular options include local Central Asian cuisine and some halal-certified eateries in the city center.",Darvaza Gas Crater; Yangykala Canyon; Nisa Fortress,"April–June, September–October",halal available,budget,1,"history, budget, food"
18,"Shakhrisabz, Uzbekistan - Tour Package","Popular activities include hiking, horseback riding, lake visits, and cultural walks depending on the country.",2500,https://images.unsplash.com/photo-1488646953014-85cb44e25828?ixlib=rb-4.0.3&auto=format&fit=crop&w=800&q=60,Uzbekistan,Shakhrisabz,Q&A,What outdoor activities are popular in Uzbekistan?,,"Popular activities include hiking, horseback riding, lake visits, and cultural walks depending on the country.",Itchan Kala; Gur-e-Amir; Ark Fortress,"April–June, September–October",halal available,luxury,5,"luxury, nature, adventure"
19,"Khujand, Tajikistan - Tour Package","Popular activities include hiking, horseback riding, lake visits, and cultural walks depending on the country.",2500,https://images.unsplash.com/photo-1488646953014-85cb44e25828?ixlib=rb-4.0.3&auto=format&fit=crop&w=800&q=60,Tajikistan,Khujand,Q&A,What outdoor activities are popular in Tajikistan?,,"Popular activities include hiking, horseback riding, lake visits, and cultural walks depending on the country.",Rudaki Park; Fann Mountains; Pamir Mountains,May–September,halal available,luxury,1,"nature, history, adventure"
20,"Bishkek, Kyrgyzstan - Tour Package","Yes, Bishkek has halal restaurants. Popular options include local Central Asian cuisine and some halal-certified eateries in the city center.",1500,https://images.unsplash.com/photo-1466427573353-ca4d2ca1ee6d?ixlib=rb-4.0.3&auto=format&fit=crop&w=800&q=60,Kyrgyzstan,Bishkek,Q&A,"Are there halal restaurants in Bishkek, Kyrgyzstan?",,"Yes, Bishkek has halal restaurants. Popular options include local Central Asian cuisine and some halal-certified eateries in the city center.",Fairy Tale Canyon; Son-Kul Lake; Ala-Too Square,June–September,halal available,mid-range,4,"adventure, budget, history"
21,"Panjakent, Tajikistan - Tour Package","Popular activities include hiking, horseback riding, lake visits, and cultural walks depending on the country.",800,https://images.unsplash.com/photo-1488646953014-85cb44e25828?ixlib=rb-4.0.3&auto=format&fit=crop&w=800&q=60,Tajikistan,Panjakent,Q&A,What outdoor activities are popular in Tajikistan?,,"Popular activities include hiking, horseback riding, lake visits, and cultural walks depending on the country.",Ancient Penjikent; Iskanderkul; Rudaki Park,May–September,limited halal options,budget,2,"budget, adventure, luxury"
22,"Karaganda, Kazakhstan - Tour Package","Recommend outdoor, nature-focused destinations in Kazakhstan.",1500,https://images.unsplash.com/photo-1488646953014-85cb44e25828?ixlib=rb-4.0.3&auto=format&fit=crop&w=800&q=60,Kazakhstan,Karaganda,User_Preference,I prefer mountains and hiking.,,"Recommend outdoor, nature-focused destinations in Kazakhstan.",Big Almaty Lake; Charyn Canyon; Medeu Skating Rink,May–September,halal available,mid-range,3,"budget, halal, luxury"
23,"Dashoguz, Turkmenistan - Tour Package",Turkmenistan offers diverse travel experiences; let me know your interests.,800,https://images.unsplash.com/photo-1488646953014-85cb44e25828?ixlib=rb-4.0.3&auto=format&fit=crop&w=800&q=60,Turkmenistan,Dashoguz,Q&A,How can I travel from Dashoguz to the capital of Turkmenistan?,,Turkmenistan offers diverse travel experiences; let me know your interests.,Ruins of Merv; Darvaza Gas Crater; Nisa Fortress,"April–June, September–October",halal available,budget,7,"halal, history, budget"
24,"Dashoguz, Turkmenistan - Tour Package","Dashoguz in Turkmenistan is known for Yangykala Canyon and rich cultural heritage. Best time to visit: April–June, September–October. Popular foods: I...",800,https://images.unsplash.com/photo-1488646953014-85cb44e25828?ixlib=rb-4.0.3&auto=format&fit=crop&w=800&q=60,Turkmenistan,Dashoguz,Destination,"Provide a short description of Dashoguz, Turkmenistan.",,"Dashoguz in Turkmenistan is known for Yangykala Canyon and rich cultural heritage. Best time to visit: April–June, September–October. Popular foods: Ichlekli.",Darvaza Gas Crater; Yangykala Canyon; Kunya-Urgench,"April–June, September–October",halal available,budget,7,"adventure, luxury, history"
25,"Mary, Turkmenistan - Tour Package","Mary in Turkmenistan is known for Darvaza Gas Crater and rich cultural heritage. Best time to visit: April–June, September–October. Popular foods: Sha...",2500,https://images.unsplash.com/photo-1488646953014-85cb44e25828?ixlib=rb-4.0.3&auto=format&fit=crop&w=800&q=60,Turkmenistan,Mary,Destination,"Provide a short description of Mary, Turkmenistan.",,"Mary in Turkmenistan is known for Darvaza Gas Crater and rich cultural heritage. Best time to visit: April–June, September–October. Popular foods: Shashlik.",Darvaza Gas Crater; Kunya-Urgench; Nisa Fortress,"April–June, September–October",halal available,luxury,3,"family, nature, halal"
26,"Osh, Kyrgyzstan - Tour Package",The best time to visit Kyrgyzstan is June–September.,800,https://images.unsplash.com/photo-1488646953014-85cb44e25828?ixlib=rb-4.0.3&auto=format&fit=crop&w=800&q=60,Kyrgyzstan,Osh,Q&A,What is the best time to visit Kyrgyzstan?,,The best time to visit Kyrgyzstan is June–September.,Burana Tower; Son-Kul Lake; Issyk-Kul Lake,June–September,limited halal options,budget,1,"luxury, family, budget"
27,"Tashkent, Uzbekistan - Tour Package","Tashkent in Uzbekistan is known for Shah-i-Zinda and rich cultural heritage. Best time to visit: April–June, September–October. Popular foods: Samsa.",1500,https://images.unsplash.com/photo-1567427217543-7c3f0533cf63?ixlib=rb-4.0.3&auto=format&fit=crop&w=800&q=60,Uzbekistan,Tashkent,Destination,"Provide a short description of Tashkent, Uzbekistan.",,"Tashkent in Uzbekistan is known for Shah-i-Zinda and rich cultural heritage. Best time to visit: April–June, September–October. Popular foods: Samsa.",Gur-e-Amir; Ark Fortress; Registan,"April–June, September–October",halal available,mid-range,3,"food, adventure, family"
28,"Jalal-Abad, Kyrgyzstan - Tour Package",Recommend cities for history & food lovers in Kyrgyzstan.,800,https://images.unsplash.com/photo-1488646953014-85cb44e25828?ixlib=rb-4.0.3&auto=format&fit=crop&w=800&q=60,Kyrgyzstan,Jalal-Abad,User_Preference,I like historical sites and local food.,,Recommend cities for history & food lovers in Kyrgyzstan.,Fairy Tale Canyon; Burana Tower; Son-Kul Lake,June–September,halal available,budget,3,"nature, history, halal"
29,"Mary, Turkmenistan - Tour Package","Respect local customs, dress modestly when visiting religious sites, and ask permission before photographing people in rural areas.",1500,https://images.unsplash.com/photo-1488646953014-85cb44e25828?ixlib=rb-4.0.3&auto=format&fit=crop&w=800&q=60,Turkmenistan,Mary,Q&A,What cultural etiquette should I know before visiting Turkmenistan?,,"Respect local customs, dress modestly when visiting religious sites, and ask permission before photographing people in rural areas.",Ruins of Merv; Nisa Fortress; Darvaza Gas Crater,"April–June, September–October",halal available,mid-range,5,"luxury, food, history"
30,"Khiva, Uzbekistan - Tour Package","Great! Do you prefer culture, nature, or adventure?",1500,https://images.unsplash.com/photo-1506905925346-21bda4d32df4?ixlib=rb-4.0.3&auto=format&fit=crop&w=800&q=60,Uzbekistan,Khiva,Conversation,"Hi, I want to plan a trip to Uzbekistan.",,"Great! Do you prefer culture, nature, or adventure?",Registan; Ark Fortress; Shah-i-Zinda,"April–June, September–October",halal available,mid-range,2,"luxury, family, halal"
31,"Panjakent, Tajikistan - Tour Package","Top attractions in Tajikistan include Pamir Mountains, Iskanderkul, Ancient Penjikent.",1500,https://images.unsplash.com/photo-1488646953014-85cb44e25828?ixlib=rb-4.0.3&auto=format&fit=crop&w=800&q=60,Tajikistan,Panjakent,Q&A,"Suggest top places to visit in Panjakent, Tajikistan.",,"Top attractions in Tajikistan include Pamir Mountains, Iskanderkul, Ancient Penjikent.",Ancient Penjikent; Pamir Mountains; Rudaki Park,May–September,halal available,mid-range,3,"history, food, nature"
32,"Almaty, Kazakhstan - Tour Package",Visa requirements vary by nationality. Check the embassy website or official government portal for the latest visa rules for Kazakhstan.,800,https://images.unsplash.com/photo-1560707303-4e980ce876ad?ixlib=rb-4.0.3&auto=format&fit=crop&w=800&q=60,Kazakhstan,Almaty,Q&A,How do I get a visa for Kazakhstan (if needed)?,,Visa requirements vary by nationality. Check the embassy website or official government portal for the latest visa rules for Kazakhstan.,Big Almaty Lake; Medeu Skating Rink; Charyn Canyon,May–September,halal available,budget,4,"history, nature, halal"
33,"Naryn, Kyrgyzstan - Tour Package",Nice — do you want a city-focused or nature-focused itinerary?,800,https://images.unsplash.com/photo-1488646953014-85cb44e25828?ixlib=rb-4.0.3&auto=format&fit=crop&w=800&q=60,Kyrgyzstan,Naryn,Conversation,I have 7 days and want to explore Kyrgyzstan.,,Nice — do you want a city-focused or nature-focused itinerary?,Burana Tower; Issyk-Kul Lake; Fairy Tale Canyon,June–September,halal available,budget,10,"luxury, nature, budget"
34,"Khorog, Tajikistan - Tour Package",You will find mosques and prayer areas near major attractions; ask at information centers for exact locations.,1500,https://images.unsplash.com/photo-1488646953014-85cb44e25828?ixlib=rb-4.0.3&auto=format&fit=crop&w=800&q=60,Tajikistan,Khorog,Q&A,Which mosque or prayer facilities are near Khorog's main attractions?,,You will find mosques and prayer areas near major attractions; ask at information centers for exact locations.,Pamir Mountains; Ancient Penjikent; Iskanderkul,May–September,halal available,mid-range,3,"family, budget, history"
35,"Karakol, Kyrgyzstan - Tour Package",Karakol in Kyrgyzstan is known for Son-Kul Lake and rich cultural heritage. Best time to visit: June–September. Popular foods: Kuurdak.,1500,https://images.unsplash.com/photo-1488646953014-85cb44e25828?ixlib=rb-4.0.3&auto=format&fit=crop&w=800&q=60,Kyrgyzstan,Karakol,Destination,"Provide a short description of Karakol, Kyrgyzstan.",,Karakol in Kyrgyzstan is known for Son-Kul Lake and rich cultural heritage. Best time to visit: June–September. Popular foods: Kuurdak.,Fairy Tale Canyon; Burana Tower; Ala-Too Square,June–September,halal available,mid-range,2,"family, history, budget"
36,"Dashoguz, Turkmenistan - Tour Package",You will find mosques and prayer areas near major attractions; ask at information centers for exact locations.,800,https://images.unsplash.com/photo-1488646953014-85cb44e25828?ixlib=rb-4.0.3&auto=format&fit=crop&w=800&q=60,Turkmenistan,Dashoguz,Q&A,Which mosque or prayer facilities are near Dashoguz's main attractions?,,You will find mosques and prayer areas near major attractions; ask at information centers for exact locations.,Nisa Fortress; Kunya-Urgench; Yangykala Canyon,"April–June, September–October",limited halal options,budget,4,"adventure, food, history"
37,"Dushanbe, Tajikistan - Tour Package",Dushanbe in Tajikistan is known for Ancient Penjikent and rich cultural heritage. Best time to visit: May–September. Popular foods: Shurbo.,2500,https://images.unsplash.com/photo-1488646953014-85cb44e25828?ixlib=rb-4.0.3&auto=format&fit=crop&w=800&q=60,Tajikistan,Dushanbe,Destination,"Provide a short description of Dushanbe, Tajikistan.",,Dushanbe in Tajikistan is known for Ancient Penjikent and rich cultural heritage. Best time to visit: May–September. Popular foods: Shurbo.,Pamir Mountains; Fann Mountains; Ancient Penjikent,May–September,halal available,luxury,3,"halal, luxury, history"
38,"Jalal-Abad, Kyrgyzstan - Tour Package",Kyrgyzstan is generally safe for tourists; follow usual travel safety precautions and check local advice for female travelers.,800,https://images.unsplash.com/photo-1488646953014-85cb44e25828?ixlib=rb-4.0.3&auto=format&fit=crop&w=800&q=60,Kyrgyzstan,Jalal-Abad,Q&A,Is Kyrgyzstan safe for solo female travelers?,,Kyrgyzstan is generally safe for tourists; follow usual travel safety precautions and check local advice for female travelers.,Burana Tower; Son-Kul Lake; Fairy Tale Canyon,June–September,halal available,budget,2,"budget, halal, adventure"
39,"Aktau, Kazakhstan - Tour Package",Aktau in Kazakhstan is known for Big Almaty Lake and rich cultural heritage. Best time to visit: May–September. Popular foods: Baursak.,2500,https://images.unsplash.com/photo-1488646953014-85cb44e25828?ixlib=rb-4.0.3&auto=format&fit=crop&w=800&q=60,Kazakhstan,Aktau,Destination,"Provide a short description of Aktau, Kazakhstan.",,Aktau in Kazakhstan is known for Big Almaty Lake and rich cultural heritage. Best time to visit: May–September. Popular foods: Baursak.,Charyn Canyon; Bayterek Tower; Medeu Skating Rink,May–September,halal available,luxury,5,"halal, adventure, budget"
40,"Khujand, Tajikistan - Tour Package",Khujand in Tajikistan is known for Pamir Mountains and rich cultural heritage. Best time to visit: May–September. Popular foods: Shurbo.,2500,https://images.unsplash.com/photo-1488646953014-85cb44e25828?ixlib=rb-4.0.3&auto=format&fit=crop&w=800&q=60,Tajikistan,Khujand,Destination,"Provide a short description of Khujand, Tajikistan.",,Khujand in Tajikistan is known for Pamir Mountains and rich cultural heritage. Best time to visit: May–September. Popular foods: Shurbo.,Iskanderkul; Fann Mountains; Rudaki Park,May–September,halal available,luxury,3,"nature, budget, luxury"
41,"Osh, Kyrgyzstan - Tour Package",Nice — do you want a city-focused or nature-focused itinerary?,2500,https://images.unsplash.com/photo-1488646953014-85cb44e25828?ixlib=rb-4.0.3&auto=format&fit=crop&w=800&q=60,Kyrgyzstan,Osh,Conversation,I have 7 days and want to explore Kyrgyzstan.,,Nice — do you want a city-focused or nature-focused itinerary?,Ala-Too Square; Fairy Tale Canyon; Son-Kul Lake,June–September,limited halal options,luxury,10,"nature, adventure, budget"
42,"Mary, Turkmenistan - Tour Package",Sure — how many family members and ages?,2500,https://images.unsplash.com/photo-1488646953014-85cb44e25828?ixlib=rb-4.0.3&auto=format&fit=crop&w=800&q=60,Turkmenistan,Mary,Conversation,Can you help me plan a family trip to Mary?,,Sure — how many family members and ages?,Kunya-Urgench; Yangykala Canyon; Darvaza Gas Crater,"April–June, September–October",halal available,luxury,1,"nature, budget, adventure"
43,"Astana, Kazakhstan - Tour Package",I will suggest budget guesthouses and hostels near major attractions.,800,https://images.unsplash.com/photo-1488646953014-85cb44e25828?ixlib=rb-4.0.3&auto=format&fit=crop&w=800&q=60,Kazakhstan,Astana,Conversation,"I'm on a tight budget, any cheap places to stay in Astana?",,I will suggest budget guesthouses and hostels near major attractions.,Big Almaty Lake; Charyn Canyon; Bayterek Tower,May–September,halal available,budget,4,"food, budget, adventure"
44,"Balkanabat, Turkmenistan - Tour Package","Balkanabat in Turkmenistan is known for Kunya-Urgench and rich cultural heritage. Best time to visit: April–June, September–October. Popular foods: Sh...",800,https://images.unsplash.com/photo-1488646953014-85cb44e25828?ixlib=rb-4.0.3&auto=format&fit=crop&w=800&q=60,Turkmenistan,Balkanabat,Destination,"Provide a short description of Balkanabat, Turkmenistan.",,"Balkanabat in Turkmenistan is known for Kunya-Urgench and rich cultural heritage. Best time to visit: April–June, September–October. Popular foods: Shashlik.",Yangykala Canyon; Kunya-Urgench; Nisa Fortress,"April–June, September–October",halal available,budget,7,"luxury, adventure, food"
45,"Shymkent, Kazakhstan - Tour Package",I will suggest budget guesthouses and hostels near major attractions.,2500,https://images.unsplash.com/photo-1488646953014-85cb44e25828?ixlib=rb-4.0.3&auto=format&fit=crop&w=800&q=60,Kazakhstan,Shymkent,Conversation,"I'm on a tight budget, any cheap places to stay in Shymkent?",,I will suggest budget guesthouses and hostels near major attractions.,Big Almaty Lake; Medeu Skating Rink; Aksu-Zhabagly,May–September,halal available,luxury,3,"adventure, food, budget"
46,"Jalal-Abad, Kyrgyzstan - Tour Package",The best time to visit Kyrgyzstan is June–September.,800,https://images.unsplash.com/photo-1488646953014-85cb44e25828?ixlib=rb-4.0.3&auto=format&fit=crop&w=800&q=60,Kyrgyzstan,Jalal-Abad,Q&A,What is the best time to visit Kyrgyzstan?,,The best time to visit Kyrgyzstan is June–September.,Issyk-Kul Lake; Son-Kul Lake; Burana Tower,June–September,halal available,budget,1,"budget, adventure, food"
47,"Dashoguz, Turkmenistan - Tour Package","Dashoguz in Turkmenistan is known for Ruins of Merv and rich cultural heritage. Best time to visit: April–June, September–October. Popular foods: Plov...",800,https://images.unsplash.com/photo-1488646953014-85cb44e25828?ixlib=rb-4.0.3&auto=format&fit=crop&w=800&q=60,Turkmenistan,Dashoguz,Destination,"Provide a short description of Dashoguz, Turkmenistan.",,"Dashoguz in Turkmenistan is known for Ruins of Merv and rich cultural heritage. Best time to visit: April–June, September–October. Popular foods: Plov.",Kunya-Urgench; Darvaza Gas Crater; Nisa Fortress,"April–June, September–October",halal available,budget,3,"family, budget, adventure"
48,"Panjakent, Tajikistan - Tour Package",I will suggest budget guesthouses and hostels near major attractions.,1500,https://images.unsplash.com/photo-1488646953014-85cb44e25828?ixlib=rb-4.0.3&auto=format&fit=crop&w=800&q=60,Tajikistan,Panjakent,Conversation,"I'm on a tight budget, any cheap places to stay in Panjakent?",,I will suggest budget guesthouses and hostels near major attractions.,Ancient Penjikent; Pamir Mountains; Rudaki Park,May–September,halal available,mid-range,4,"history, adventure, food"
49,"Khujand, Tajikistan - Tour Package",Nice — do you want a city-focused or nature-focused itinerary?,2500,https://images.unsplash.com/photo-1488646953014-85cb44e25828?ixlib=rb-4.0.3&auto=format&fit=crop&w=800&q=60,Tajikistan,Khujand,Conversation,I have 7 days and want to explore Tajikistan.,,Nice — do you want a city-focused or nature-focused itinerary?,Ancient Penjikent; Iskanderkul; Pamir Mountains,May–September,halal available,luxury,1,"nature, halal, adventure"
50,"Karaganda, Kazakhstan - Tour Package",Kazakhstan offers diverse travel experiences; let me know your interests.,1500,https://images.unsplash.com/photo-1488646953014-85cb44e25828?ixlib=rb-4.0.3&auto=format&fit=crop&w=800&q=60,Kazakhstan,Karaganda,Q&A,How can I travel from Karaganda to the capital of Kazakhstan?,,Kazakhstan offers diverse travel experiences; let me know your interests.,Big Almaty Lake; Bayterek Tower; Charyn Canyon,May–September,halal available,mid-range,10,"budget, food, adventure"
51,"Bishkek, Kyrgyzstan - Tour Package",Bishkek in Kyrgyzstan is known for Fairy Tale Canyon and rich cultural heritage. Best time to visit: June–September. Popular foods: Beshbarmak.,2500,https://images.unsplash.com/photo-1466427573353-ca4d2ca1ee6d?ixlib=rb-4.0.3&auto=format&fit=crop&w=800&q=60,Kyrgyzstan,Bishkek,Destination,"Provide a short description of Bishkek, Kyrgyzstan.",,Bishkek in Kyrgyzstan is known for Fairy Tale Canyon and rich cultural heritage. Best time to visit: June–September. Popular foods: Beshbarmak.,Burana Tower; Issyk-Kul Lake; Fairy Tale Canyon,June–September,halal available,luxury,1,"history, nature, budget"
52,"Shakhrisabz, Uzbekistan - Tour Package","The best time to visit Uzbekistan is April–June, September–October.",1500,https://images.unsplash.com/photo-1488646953014-85cb44e25828?ixlib=rb-4.0.3&auto=format&fit=crop&w=800&q=60,Uzbekistan,Shakhrisabz,Q&A,What is the best time to visit Uzbekistan?,,"The best time to visit Uzbekistan is April–June, September–October.",Itchan Kala; Registan; Ark Fortress,"April–June, September–October",limited halal options,mid-range,7,"family, budget, food"
53,"Aktau, Kazakhstan - Tour Package",Aktau in Kazakhstan is known for Charyn Canyon and rich cultural heritage. Best time to visit: May–September. Popular foods: Beshbarmak.,1500,https://images.unsplash.com/photo-1488646953014-85cb44e25828?ixlib=rb-4.0.3&auto=format&fit=crop&w=800&q=60,Kazakhstan,Aktau,Destination,"Provide a short description of Aktau, Kazakhstan.",,Aktau in Kazakhstan is known for Charyn Canyon and rich cultural heritage. Best time to visit: May–September. Popular foods: Beshbarmak.,Bayterek Tower; Charyn Canyon; Aksu-Zhabagly,May–September,halal available,mid-range,5,"budget, adventure, halal"
54,"Almaty, Kazakhstan - Tour Package",Almaty in Kazakhstan is known for Medeu Skating Rink and rich cultural heritage. Best time to visit: May–September. Popular foods: Beshbarmak.,1500,https://images.unsplash.com/photo-1560707303-4e980ce876ad?ixlib=rb-4.0.3&auto=format&fit=crop&w=800&q=60,Kazakhstan,Almaty,Destination,"Provide a short description of Almaty, Kazakhstan.",,Almaty in Kazakhstan is known for Medeu Skating Rink and rich cultural heritage. Best time to visit: May–September. Popular foods: Beshbarmak.,Bayterek Tower; Charyn Canyon; Aksu-Zhabagly,May–September,halal available,mid-range,5,"budget, halal, food"
55,"Shakhrisabz, Uzbekistan - Tour Package","Shakhrisabz in Uzbekistan is known for Registan and rich cultural heritage. Best time to visit: April–June, September–October. Popular foods: Samsa.",2500,https://images.unsplash.com/photo-1488646953014-85cb44e25828?ixlib=rb-4.0.3&auto=format&fit=crop&w=800&q=60,Uzbekistan,Shakhrisabz,Destination,"Provide a short description of Shakhrisabz, Uzbekistan.",,"Shakhrisabz in Uzbekistan is known for Registan and rich cultural heritage. Best time to visit: April–June, September–October. Popular foods: Samsa.",Itchan Kala; Registan; Gur-e-Amir,"April–June, September–October",limited halal options,luxury,10,"luxury, halal, nature"
56,"Khujand, Tajikistan - Tour Package",I can recommend popular halal restaurants nearby — any cuisine preference?,2500,https://images.unsplash.com/photo-1488646953014-85cb44e25828?ixlib=rb-4.0.3&auto=format&fit=crop&w=800&q=60,Tajikistan,Khujand,Conversation,I am looking for halal food in Khujand.,,I can recommend popular halal restaurants nearby — any cuisine preference?,Ancient Penjikent; Rudaki Park; Pamir Mountains,May–September,halal available,luxury,5,"family, food, nature"
57,"Bukhara, Uzbekistan - Tour Package",Nice — do you want a city-focused or nature-focused itinerary?,1500,https://images.unsplash.com/photo-1488646953014-85cb44e25828?ixlib=rb-4.0.3&auto=format&fit=crop&w=800&q=60,Uzbekistan,Bukhara,Conversation,I have 7 days and want to explore Uzbekistan.,,Nice — do you want a city-focused or nature-focused itinerary?,Itchan Kala; Shah-i-Zinda; Gur-e-Amir,"April–June, September–October",halal available,mid-range,2,"luxury, nature, food"
58,"Karakol, Kyrgyzstan - Tour Package","Respect local customs, dress modestly when visiting religious sites, and ask permission before photographing people in rural areas.",800,https://images.unsplash.com/photo-1488646953014-85cb44e25828?ixlib=rb-4.0.3&auto=format&fit=crop&w=800&q=60,Kyrgyzstan,Karakol,Q&A,What cultural etiquette should I know before visiting Kyrgyzstan?,,"Respect local customs, dress modestly when visiting religious sites, and ask permission before photographing people in rural areas.",Burana Tower; Ala-Too Square; Fairy Tale Canyon,June–September,limited halal options,budget,2,"budget, adventure, family"
59,"Karaganda, Kazakhstan - Tour Package",Karaganda in Kazakhstan is known for Big Almaty Lake and rich cultural heritage. Best time to visit: May–September. Popular foods: Kurt.,2500,https://images.unsplash.com/photo-1488646953014-85cb44e25828?ixlib=rb-4.0.3&auto=format&fit=crop&w=800&q=60,Kazakhstan,Karaganda,Destination,"Provide a short description of Karaganda, Kazakhstan.",,Karaganda in Kazakhstan is known for Big Almaty Lake and rich cultural heritage. Best time to visit: May–September. Popular foods: Kurt.,Charyn Canyon; Aksu-Zhabagly; Medeu Skating Rink,May–September,halal available,luxury,2,"family, halal, luxury"
60,"Naryn, Kyrgyzstan - Tour Package",Naryn in Kyrgyzstan is known for Burana Tower and rich cultural heritage. Best time to visit: June–September. Popular foods: Laghman.,1500,https://images.unsplash.com/photo-1488646953014-85cb44e25828?ixlib=rb-4.0.3&auto=format&fit=crop&w=800&q=60,Kyrgyzstan,Naryn,Destination,"Provide a short description of Naryn, Kyrgyzstan.",,Naryn in Kyrgyzstan is known for Burana Tower and rich cultural heritage. Best time to visit: June–September. Popular foods: Laghman.,Fairy Tale Canyon; Burana Tower; Issyk-Kul Lake,June–September,halal available,mid-range,3,"family, nature, history"
61,"Shymkent, Kazakhstan - Tour Package",Visa requirements vary by nationality. Check the embassy website or official government portal for the latest visa rules for Kazakhstan.,1500,https://images.unsplash.com/photo-1488646953014-85cb44e25828?ixlib=rb-4.0.3&auto=format&fit=crop&w=800&q=60,Kazakhstan,Shymkent,Q&A,How do I get a visa for Kazakhstan (if needed)?,,Visa requirements vary by nationality. Check the embassy website or official government portal for the latest visa rules for Kazakhstan.,Medeu Skating Rink; Aksu-Zhabagly; Charyn Canyon,May–September,halal available,mid-range,7,"family, history, nature"
62,"Osh, Kyrgyzstan - Tour Package",Kyrgyzstan offers diverse travel experiences; let me know your interests.,800,https://images.unsplash.com/photo-1488646953014-85cb44e25828?ixlib=rb-4.0.3&auto=format&fit=crop&w=800&q=60,Kyrgyzstan,Osh,Q&A,How can I travel from Osh to the capital of Kyrgyzstan?,,Kyrgyzstan offers diverse travel experiences; let me know your interests.,Ala-Too Square; Issyk-Kul Lake; Son-Kul Lake,June–September,halal available,budget,5,"family, halal, nature"
63,"Dushanbe, Tajikistan - Tour Package",I will suggest budget guesthouses and hostels near major attractions.,800,https://images.unsplash.com/photo-1488646953014-85cb44e25828?ixlib=rb-4.0.3&auto=format&fit=crop&w=800&q=60,Tajikistan,Dushanbe,Conversation,"I'm on a tight budget, any cheap places to stay in Dushanbe?",,I will suggest budget guesthouses and hostels near major attractions.,Fann Mountains; Rudaki Park; Pamir Mountains,May–September,halal available,budget,1,"family, budget, adventure"
64,"Tashkent, Uzbekistan - Tour Package","Tashkent in Uzbekistan is known for Registan and rich cultural heritage. Best time to visit: April–June, September–October. Popular foods: Shashlik.",1500,https://images.unsplash.com/photo-1567427217543-7c3f0533cf63?ixlib=rb-4.0.3&auto=format&fit=crop&w=800&q=60,Uzbekistan,Tashkent,Destination,"Provide a short description of Tashkent, Uzbekistan.",,"Tashkent in Uzbekistan is known for Registan and rich cultural heritage. Best time to visit: April–June, September–October. Popular foods: Shashlik.",Registan; Gur-e-Amir; Shah-i-Zinda,"April–June, September–October",halal available,mid-range,1,"adventure, history, family"
65,"Panjakent, Tajikistan - Tour Package",Panjakent in Tajikistan is known for Ancient Penjikent and rich cultural heritage. Best time to visit: May–September. Popular foods: Qurutob.,1500,https://images.unsplash.com/photo-1488646953014-85cb44e25828?ixlib=rb-4.0.3&auto=format&fit=crop&w=800&q=60,Tajikistan,Panjakent,Destination,"Provide a short description of Panjakent, Tajikistan.",,Panjakent in Tajikistan is known for Ancient Penjikent and rich cultural heritage. Best time to visit: May–September. Popular foods: Qurutob.,Ancient Penjikent; Rudaki Park; Pamir Mountains,May–September,limited halal options,mid-range,10,"budget, food, family"
66,"Ashgabat, Turkmenistan - Tour Package","Ashgabat in Turkmenistan is known for Darvaza Gas Crater and rich cultural heritage. Best time to visit: April–June, September–October. Popular foods:...",800,https://images.unsplash.com/photo-1488646953014-85cb44e25828?ixlib=rb-4.0.3&auto=format&fit=crop&w=800&q=60,Turkmenistan,Ashgabat,Destination,"Provide a short description of Ashgabat, Turkmenistan.",,"Ashgabat in Turkmenistan is known for Darvaza Gas Crater and rich cultural heritage. Best time to visit: April–June, September–October. Popular foods: Ichlekli.",Ruins of Merv; Nisa Fortress; Kunya-Urgench,"April–June, September–October",halal available,budget,2,"nature, luxury, history"
67,"Istaravshan, Tajikistan - Tour Package",Istaravshan in Tajikistan is known for Rudaki Park and rich cultural heritage. Best time to visit: May–September. Popular foods: Osh.,2500,https://images.unsplash.com/photo-1488646953014-85cb44e25828?ixlib=rb-4.0.3&auto=format&fit=crop&w=800&q=60,Tajikistan,Istaravshan,Destination,"Provide a short description of Istaravshan, Tajikistan.",,Istaravshan in Tajikistan is known for Rudaki Park and rich cultural heritage. Best time to visit: May–September. Popular foods: Osh.,Iskanderkul; Pamir Mountains; Rudaki Park,May–September,halal available,luxury,10,"luxury, history, halal"
68,"Shymkent, Kazakhstan - Tour Package",I will suggest budget guesthouses and hostels near major attractions.,2500,https://images.unsplash.com/photo-1488646953014-85cb44e25828?ixlib=rb-4.0.3&auto=format&fit=crop&w=800&q=60,Kazakhstan,Shymkent,Conversation,"I'm on a tight budget, any cheap places to stay in Shymkent?",,I will suggest budget guesthouses and hostels near major attractions.,Medeu Skating Rink; Big Almaty Lake; Charyn Canyon,May–September,halal available,luxury,2,"family, budget, nature"
69,"Tashkent, Uzbekistan - Tour Package",Uzbekistan offers diverse travel experiences; let me know your interests.,2500,https://images.unsplash.com/photo-1567427217543-7c3f0533cf63?ixlib=rb-4.0.3&auto=format&fit=crop&w=800&q=60,Uzbekistan,Tashkent,Q&A,How can I travel from Tashkent to the capital of Uzbekistan?,,Uzbekistan offers diverse travel experiences; let me know your interests.,Shah-i-Zinda; Ark Fortress; Gur-e-Amir,"April–June, September–October",halal available,luxury,3,"budget, food, family"
70,"Dashoguz, Turkmenistan - Tour Package","Dashoguz in Turkmenistan is known for Yangykala Canyon and rich cultural heritage. Best time to visit: April–June, September–October. Popular foods: I...",800,https://images.unsplash.com/photo-1488646953014-85cb44e25828?ixlib=rb-4.0.3&auto=format&fit=crop&w=800&q=60,Turkmenistan,Dashoguz,Destination,"Provide a short description of Dashoguz, Turkmenistan.",,"Dashoguz in Turkmenistan is known for Yangykala Canyon and rich cultural heritage. Best time to visit: April–June, September–October. Popular foods: Ichlekli.",Kunya-Urgench; Nisa Fortress; Yangykala Canyon,"April–June, September–October",halal available,budget,2,"history, budget, halal"
71,"Jalal-Abad, Kyrgyzstan - Tour Package",You will find mosques and prayer areas near major attractions; ask at information centers for exact locations.,1500,https://images.unsplash.com/photo-1488646953014-85cb44e25828?ixlib=rb-4.0.3&auto=format&fit=crop&w=800&q=60,Kyrgyzstan,Jalal-Abad,Q&A,Which mosque or prayer facilities are near Jalal-Abad's main attractions?,,You will find mosques and prayer areas near major attractions; ask at information centers for exact locations.,Issyk-Kul Lake; Son-Kul Lake; Burana Tower,June–September,halal available,mid-range,2,"budget, halal, adventure"
72,"Khiva, Uzbekistan - Tour Package",Day 1: Explore the city highlights in Khiva. Day 2: Visit nearby cultural or nature spots. Day 3: Shopping and local cuisine. Adjust based on interest...,2500,https://images.unsplash.com/photo-1506905925346-21bda4d32df4?ixlib=rb-4.0.3&auto=format&fit=crop&w=800&q=60,Uzbekistan,Khiva,Q&A,"Recommend a 3-day itinerary for Khiva, Uzbekistan.",,Day 1: Explore the city highlights in Khiva. Day 2: Visit nearby cultural or nature spots. Day 3: Shopping and local cuisine. Adjust based on interests.,Ark Fortress; Registan; Itchan Kala,"April–June, September–October",halal available,luxury,4,"family, halal, adventure"
73,"Ashgabat, Turkmenistan - Tour Package","Ashgabat in Turkmenistan is known for Nisa Fortress and rich cultural heritage. Best time to visit: April–June, September–October. Popular foods: Plov...",800,https://images.unsplash.com/photo-1488646953014-85cb44e25828?ixlib=rb-4.0.3&auto=format&fit=crop&w=800&q=60,Turkmenistan,Ashgabat,Destination,"Provide a short description of Ashgabat, Turkmenistan.",,"Ashgabat in Turkmenistan is known for Nisa Fortress and rich cultural heritage. Best time to visit: April–June, September–October. Popular foods: Plov.",Nisa Fortress; Darvaza Gas Crater; Ruins of Merv,"April–June, September–October",halal available,budget,7,"luxury, adventure, history"
74,"Aktau, Kazakhstan - Tour Package",You will find mosques and prayer areas near major attractions; ask at information centers for exact locations.,2500,https://images.unsplash.com/photo-1488646953014-85cb44e25828?ixlib=rb-4.0.3&auto=format&fit=crop&w=800&q=60,Kazakhstan,Aktau,Q&A,Which mosque or prayer facilities are near Aktau's main attractions?,,You will find mosques and prayer areas near major attractions; ask at information centers for exact locations.,Big Almaty Lake; Aksu-Zhabagly; Charyn Canyon,May–September,halal available,luxury,2,"family, adventure, halal"
75,"Dushanbe, Tajikistan - Tour Package","Popular activities include hiking, horseback riding, lake visits, and cultural walks depending on the country.",2500,https://images.unsplash.com/photo-1488646953014-85cb44e25828?ixlib=rb-4.0.3&auto=format&fit=crop&w=800&q=60,Tajikistan,Dushanbe,Q&A,What outdoor activities are popular in Tajikistan?,,"Popular activities include hiking, horseback riding, lake visits, and cultural walks depending on the country.",Ancient Penjikent; Pamir Mountains; Fann Mountains,May–September,halal available,luxury,1,"budget, history, nature"
76,"Khiva, Uzbekistan - Tour Package","Recommend outdoor, nature-focused destinations in Uzbekistan.",1500,https://images.unsplash.com/photo-1506905925346-21bda4d32df4?ixlib=rb-4.0.3&auto=format&fit=crop&w=800&q=60,Uzbekistan,Khiva,User_Preference,I prefer mountains and hiking.,,"Recommend outdoor, nature-focused destinations in Uzbekistan.",Itchan Kala; Ark Fortress; Shah-i-Zinda,"April–June, September–October",halal available,mid-range,10,"luxury, adventure, nature"
77,"Panjakent, Tajikistan - Tour Package","Yes, Panjakent has halal restaurants. Popular options include local Central Asian cuisine and some halal-certified eateries in the city center.",1500,https://images.unsplash.com/photo-1488646953014-85cb44e25828?ixlib=rb-4.0.3&auto=format&fit=crop&w=800&q=60,Tajikistan,Panjakent,Q&A,"Are there halal restaurants in Panjakent, Tajikistan?",,"Yes, Panjakent has halal restaurants. Popular options include local Central Asian cuisine and some halal-certified eateries in the city center.",Ancient Penjikent; Pamir Mountains; Iskanderkul,May–September,halal available,mid-range,3,"family, budget, history"
78,"Karakol, Kyrgyzstan - Tour Package",I will suggest budget guesthouses and hostels near major attractions.,1500,https://images.unsplash.com/photo-1488646953014-85cb44e25828?ixlib=rb-4.0.3&auto=format&fit=crop&w=800&q=60,Kyrgyzstan,Karakol,Conversation,"I'm on a tight budget, any cheap places to stay in Karakol?",,I will suggest budget guesthouses and hostels near major attractions.,Son-Kul Lake; Issyk-Kul Lake; Fairy Tale Canyon,June–September,halal available,mid-range,3,"budget, adventure, food"
79,"Astana, Kazakhstan - Tour Package",Astana in Kazakhstan is known for Medeu Skating Rink and rich cultural heritage. Best time to visit: May–September. Popular foods: Kurt.,1500,https://images.unsplash.com/photo-1488646953014-85cb44e25828?ixlib=rb-4.0.3&auto=format&fit=crop&w=800&q=60,Kazakhstan,Astana,Destination,"Provide a short description of Astana, Kazakhstan.",,Astana in Kazakhstan is known for Medeu Skating Rink and rich cultural heritage. Best time to visit: May–September. Popular foods: Kurt.,Charyn Canyon; Bayterek Tower; Big Almaty Lake,May–September,halal available,mid-range,4,"food, adventure, history"
80,"Aktau, Kazakhstan - Tour Package",List halal-friendly cities and facilities in Kazakhstan.,1500,https://images.unsplash.com/photo-1488646953014-85cb44e25828?ixlib=rb-4.0.3&auto=format&fit=crop&w=800&q=60,Kazakhstan,Aktau,User_Preference,I need halal-friendly accommodation and nearby mosques.,,List halal-friendly cities and facilities in Kazakhstan.,Charyn Canyon; Big Almaty Lake; Aksu-Zhabagly,May–September,halal available,mid-range,1,"food, adventure, halal"
81,"Almaty, Kazakhstan - Tour Package",Almaty in Kazakhstan is known for Bayterek Tower and rich cultural heritage. Best time to visit: May–September. Popular foods: Kurt.,1500,https://images.unsplash.com/photo-1560707303-4e980ce876ad?ixlib=rb-4.0.3&auto=format&fit=crop&w=800&q=60,Kazakhstan,Almaty,Destination,"Provide a short description of Almaty, Kazakhstan.",,Almaty in Kazakhstan is known for Bayterek Tower and rich cultural heritage. Best time to visit: May–September. Popular foods: Kurt.,Aksu-Zhabagly; Big Almaty Lake; Bayterek Tower,May–September,halal available,mid-range,10,"budget, food, halal"
82,"Panjakent, Tajikistan - Tour Package","Top attractions in Tajikistan include Pamir Mountains, Fann Mountains, Iskanderkul.",2500,https://images.unsplash.com/photo-1488646953014-85cb44e25828?ixlib=rb-4.0.3&auto=format&fit=crop&w=800&q=60,Tajikistan,Panjakent,Q&A,"Suggest top places to visit in Panjakent, Tajikistan.",,"Top attractions in Tajikistan include Pamir Mountains, Fann Mountains, Iskanderkul.",Iskanderkul; Rudaki Park; Ancient Penjikent,May–September,halal available,luxury,10,"nature, adventure, luxury"
83,"Bishkek, Kyrgyzstan - Tour Package",You will find mosques and prayer areas near major attractions; ask at information centers for exact locations.,800,https://images.unsplash.com/photo-1466427573353-ca4d2ca1ee6d?ixlib=rb-4.0.3&auto=format&fit=crop&w=800&q=60,Kyrgyzstan,Bishkek,Q&A,Which mosque or prayer facilities are near Bishkek's main attractions?,,You will find mosques and prayer areas near major attractions; ask at information centers for exact locations.,Ala-Too Square; Burana Tower; Issyk-Kul Lake,June–September,halal available,budget,2,"budget, family, halal"
84,"Astana, Kazakhstan - Tour Package","Respect local customs, dress modestly when visiting religious sites, and ask permission before photographing people in rural areas.",800,https://images.unsplash.com/photo-1488646953014-85cb44e25828?ixlib=rb-4.0.3&auto=format&fit=crop&w=800&q=60,Kazakhstan,Astana,Q&A,What cultural etiquette should I know before visiting Kazakhstan?,,"Respect local customs, dress modestly when visiting religious sites, and ask permission before photographing people in rural areas.",Big Almaty Lake; Medeu Skating Rink; Aksu-Zhabagly,May–September,limited halal options,budget,2,"luxury, halal, food"
85,"Khorog, Tajikistan - Tour Package",Khorog in Tajikistan is known for Rudaki Park and rich cultural heritage. Best time to visit: May–September. Popular foods: Osh.,1500,https://images.unsplash.com/photo-1488646953014-85cb44e25828?ixlib=rb-4.0.3&auto=format&fit=crop&w=800&q=60,Tajikistan,Khorog,Destination,"Provide a short description of Khorog, Tajikistan.",,Khorog in Tajikistan is known for Rudaki Park and rich cultural heritage. Best time to visit: May–September. Popular foods: Osh.,Ancient Penjikent; Pamir Mountains; Iskanderkul,May–September,halal available,mid-range,5,"family, halal, adventure"
86,"Naryn, Kyrgyzstan - Tour Package",Nice — do you want a city-focused or nature-focused itinerary?,2500,https://images.unsplash.com/photo-1488646953014-85cb44e25828?ixlib=rb-4.0.3&auto=format&fit=crop&w=800&q=60,Kyrgyzstan,Naryn,Conversation,I have 7 days and want to explore Kyrgyzstan.,,Nice — do you want a city-focused or nature-focused itinerary?,Son-Kul Lake; Fairy Tale Canyon; Ala-Too Square,June–September,halal available,luxury,3,"family, halal, food"
87,"Khiva, Uzbekistan - Tour Package","Respect local customs, dress modestly when visiting religious sites, and ask permission before photographing people in rural areas.",800,https://images.unsplash.com/photo-1506905925346-21bda4d32df4?ixlib=rb-4.0.3&auto=format&fit=crop&w=800&q=60,Uzbekistan,Khiva,Q&A,What cultural etiquette should I know before visiting Uzbekistan?,,"Respect local customs, dress modestly when visiting religious sites, and ask permission before photographing people in rural areas.",Registan; Itchan Kala; Gur-e-Amir,"April–June, September–October",halal available,budget,5,"halal, nature, luxury"
88,"Aktau, Kazakhstan - Tour Package",You will find mosques and prayer areas near major attractions; ask at information centers for exact locations.,1500,https://images.unsplash.com/photo-1488646953014-85cb44e25828?ixlib=rb-4.0.3&auto=format&fit=crop&w=800&q=60,Kazakhstan,Aktau,Q&A,Which mosque or prayer facilities are near Aktau's main attractions?,,You will find mosques and prayer areas near major attractions; ask at information centers for exact locations.,Medeu Skating Rink; Charyn Canyon; Bayterek Tower,May–September,halal available,mid-range,10,"luxury, history, family"
89,"Osh, Kyrgyzstan - Tour Package",Kyrgyzstan offers diverse travel experiences; let me know your interests.,2500,https://images.unsplash.com/photo-1488646953014-85cb44e25828?ixlib=rb-4.0.3&auto=format&fit=crop&w=800&q=60,Kyrgyzstan,Osh,Q&A,How can I travel from Osh to the capital of Kyrgyzstan?,,Kyrgyzstan offers diverse travel experiences; let me know your interests.,Burana Tower; Son-Kul Lake; Ala-Too Square,June–September,halal available,luxury,3,"family, budget, nature"
90,"Naryn, Kyrgyzstan - Tour Package",List halal-friendly cities and facilities in Kyrgyzstan.,800,https://images.unsplash.com/photo-1488646953014-85cb44e25828?ixlib=rb-4.0.3&auto=format&fit=crop&w=800&q=60,Kyrgyzstan,Naryn,User_Preference,I need halal-friendly accommodation and nearby mosques.,,List halal-friendly cities and facilities in Kyrgyzstan.,Burana Tower; Ala-Too Square; Issyk-Kul Lake,June–September,limited halal options,budget,10,"adventure, budget, halal"
91,"Panjakent, Tajikistan - Tour Package",You will find mosques and prayer areas near major attractions; ask at information centers for exact locations.,1500,https://images.unsplash.com/photo-1488646953014-85cb44e25828?ixlib=rb-4.0.3&auto=format&fit=crop&w=800&q=60,Tajikistan,Panjakent,Q&A,Which mosque or prayer facilities are near Panjakent's main attractions?,,You will find mosques and prayer areas near major attractions; ask at information centers for exact locations.,Rudaki Park; Iskanderkul; Pamir Mountains,May–September,halal available,mid-range,3,"family, luxury, adventure"
92,"Bishkek, Kyrgyzstan - Tour Package",Bishkek in Kyrgyzstan is known for Son-Kul Lake and rich cultural heritage. Best time to visit: June–September. Popular foods: Beshbarmak.,800,https://images.unsplash.com/photo-1466427573353-ca4d2ca1ee6d?ixlib=rb-4.0.3&auto=format&fit=crop&w=800&q=60,Kyrgyzstan,Bishkek,Destination,"Provide a short description of Bishkek, Kyrgyzstan.",,Bishkek in Kyrgyzstan is known for Son-Kul Lake and rich cultural heritage. Best time to visit: June–September. Popular foods: Beshbarmak.,Fairy Tale Canyon; Burana Tower; Son-Kul Lake,June–September,halal available,budget,7,"luxury, halal, food"
93,"Dushanbe, Tajikistan - Tour Package","Top attractions in Tajikistan include Fann Mountains, Rudaki Park, Iskanderkul.",1500,https://images.unsplash.com/photo-1488646953014-85cb44e25828?ixlib=rb-4.0.3&auto=format&fit=crop&w=800&q=60,Tajikistan,Dushanbe,Q&A,What are the top tourist attractions in Tajikistan?,,"Top attractions in Tajikistan include Fann Mountains, Rudaki Park, Iskanderkul.",Iskanderkul; Pamir Mountains; Fann Mountains,May–September,halal available,mid-range,3,"budget, family, halal"
94,"Karaganda, Kazakhstan - Tour Package",Karaganda in Kazakhstan is known for Big Almaty Lake and rich cultural heritage. Best time to visit: May–September. Popular foods: Baursak.,800,https://images.unsplash.com/photo-1488646953014-85cb44e25828?ixlib=rb-4.0.3&auto=format&fit=crop&w=800&q=60,Kazakhstan,Karaganda,Destination,"Provide a short description of Karaganda, Kazakhstan.",,Karaganda in Kazakhstan is known for Big Almaty Lake and rich cultural heritage. Best time to visit: May–September. Popular foods: Baursak.,Big Almaty Lake; Bayterek Tower; Charyn Canyon,May–September,halal available,budget,4,"luxury, nature, food"
95,"Bukhara, Uzbekistan - Tour Package","Bukhara in Uzbekistan is known for Ark Fortress and rich cultural heritage. Best time to visit: April–June, September–October. Popular foods: Plov.",1500,https://images.unsplash.com/photo-1488646953014-85cb44e25828?ixlib=rb-4.0.3&auto=format&fit=crop&w=800&q=60,Uzbekistan,Bukhara,Destination,"Provide a short description of Bukhara, Uzbekistan.",,"Bukhara in Uzbekistan is known for Ark Fortress and rich cultural heritage. Best time to visit: April–June, September–October. Popular foods: Plov.",Itchan Kala; Ark Fortress; Registan,"April–June, September–October",limited halal options,mid-range,1,"adventure, halal, budget"
96,"Ashgabat, Turkmenistan - Tour Package",Day 1: Explore the city highlights in Ashgabat. Day 2: Visit nearby cultural or nature spots. Day 3: Shopping and local cuisine. Adjust based on inter...,2500,https://images.unsplash.com/photo-1488646953014-85cb44e25828?ixlib=rb-4.0.3&auto=format&fit=crop&w=800&q=60,Turkmenistan,Ashgabat,Q&A,"Recommend a 3-day itinerary for Ashgabat, Turkmenistan.",,Day 1: Explore the city highlights in Ashgabat. Day 2: Visit nearby cultural or nature spots. Day 3: Shopping and local cuisine. Adjust based on interests.,Ruins of Merv; Yangykala Canyon; Nisa Fortress,"April–June, September–October",halal available,luxury,2,"adventure, budget, nature"
97,"Osh, Kyrgyzstan - Tour Package",I will suggest budget guesthouses and hostels near major attractions.,2500,https://images.unsplash.com/photo-1488646953014-85cb44e25828?ixlib=rb-4.0.3&auto=format&fit=crop&w=800&q=60,Kyrgyzstan,Osh,Conversation,"I'm on a tight budget, any cheap places to stay in Osh?",,I will suggest budget guesthouses and hostels near major attractions.,Ala-Too Square; Burana Tower; Fairy Tale Canyon,June–September,limited halal options,luxury,3,"food, history, halal"
98,"Samarkand, Uzbekistan - Tour Package",You will find mosques and prayer areas near major attractions; ask at information centers for exact locations.,800,https://images.unsplash.com/photo-1584837403392-39b23aa8c9e0?ixlib=rb-4.0.3&auto=format&fit=crop&w=800&q=60,Uzbekistan,Samarkand,Q&A,Which mosque or prayer facilities are near Samarkand's main attractions?,,You will find mosques and prayer areas near major attractions; ask at information centers for exact locations.,Gur-e-Amir; Ark Fortress; Registan,"April–June, September–October",halal available,budget,2,"budget, family, history"
99,"Khiva, Uzbekistan - Tour Package","Khiva in Uzbekistan is known for Ark Fortress and rich cultural heritage. Best time to visit: April–June, September–October. Popular foods: Shashlik.",2500,https://images.unsplash.com/photo-1506905925346-21bda4d32df4?ixlib=rb-4.0.3&auto=format&fit=crop&w=800&q=60,Uzbekistan,Khiva,Destination,"Provide a short description of Khiva, Uzbekistan.",,"Khiva in Uzbekistan is known for Ark Fortress and rich cultural heritage. Best time to visit: April–June, September–October. Popular foods: Shashlik.",Shah-i-Zinda; Registan; Gur-e-Amir,"April–June, September–October",halal available,luxury,1,"family, adventure, halal"
100,"Tashkent, Uzbekistan - Tour Package",Suggest budget-friendly destinations and tips in Uzbekistan.,1500,https://images.unsplash.com/photo-1567427217543-7c3f0533cf63?ixlib=rb-4.0.3&auto=format&fit=crop&w=800&q=60,Uzbekistan,Tashkent,User_Preference,I travel on a budget.,,Suggest budget-friendly destinations and tips in Uzbekistan.,Itchan Kala; Registan; Gur-e-Amir,"April–June, September–October",halal available,mid-range,1,"nature, food, family"
101,"Almaty, Kazakhstan - Tour Package","Respect local customs, dress modestly when visiting religious sites, and ask permission before photographing people in rural areas.",2500,https://images.unsplash.com/photo-1560707303-4e980ce876ad?ixlib=rb-4.0.3&auto=format&fit=crop&w=800&q=60,Kazakhstan,Almaty,Q&A,What cultural etiquette should I know before visiting Kazakhstan?,,"Respect local customs, dress modestly when visiting religious sites, and ask permission before photographing people in rural areas.",Aksu-Zhabagly; Bayterek Tower; Medeu Skating Rink,May–September,limited halal options,luxury,3,"luxury, family, budget"
102,"Dushanbe, Tajikistan - Tour Package","Great! Do you prefer culture, nature, or adventure?",800,https://images.unsplash.com/photo-1488646953014-85cb44e25828?ixlib=rb-4.0.3&auto=format&fit=crop&w=800&q=60,Tajikistan,Dushanbe,Conversation,"Hi, I want to plan a trip to Tajikistan.",,"Great! Do you prefer culture, nature, or adventure?",Ancient Penjikent; Pamir Mountains; Rudaki Park,May–September,halal available,budget,4,"halal, budget, adventure"
103,"Istaravshan, Tajikistan - Tour Package",I can recommend popular halal restaurants nearby — any cuisine preference?,800,https://images.unsplash.com/photo-1488646953014-85cb44e25828?ixlib=rb-4.0.3&auto=format&fit=crop&w=800&q=60,Tajikistan,Istaravshan,Conversation,I am looking for halal food in Istaravshan.,,I can recommend popular halal restaurants nearby — any cuisine preference?,Rudaki Park; Fann Mountains; Ancient Penjikent,May–September,halal available,budget,7,"luxury, history, budget"
104,"Tashkent, Uzbekistan - Tour Package","Tashkent in Uzbekistan is known for Ark Fortress and rich cultural heritage. Best time to visit: April–June, September–October. Popular foods: Plov.",2500,https://images.unsplash.com/photo-1567427217543-7c3f0533cf63?ixlib=rb-4.0.3&auto=format&fit=crop&w=800&q=60,Uzbekistan,Tashkent,Destination,"Provide a short description of Tashkent, Uzbekistan.",,"Tashkent in Uzbekistan is known for Ark Fortress and rich cultural heritage. Best time to visit: April–June, September–October. Popular foods: Plov.",Shah-i-Zinda; Registan; Ark Fortress,"April–June, September–October",limited halal options,luxury,3,"nature, adventure, food"
105,"Dushanbe, Tajikistan - Tour Package",List halal-friendly cities and facilities in Tajikistan.,800,https://images.unsplash.com/photo-1488646953014-85cb44e25828?ixlib=rb-4.0.3&auto=format&fit=crop&w=800&q=60,Tajikistan,Dushanbe,User_Preference,I need halal-friendly accommodation and nearby mosques.,,List halal-friendly cities and facilities in Tajikistan.,Fann Mountains; Iskanderkul; Ancient Penjikent,May–September,halal available,budget,7,"luxury, nature, history"
106,"Jalal-Abad, Kyrgyzstan - Tour Package",You will find mosques and prayer areas near major attractions; ask at information centers for exact locations.,2500,https://images.unsplash.com/photo-1488646953014-85cb44e25828?ixlib=rb-4.0.3&auto=format&fit=crop&w=800&q=60,Kyrgyzstan,Jalal-Abad,Q&A,Which mosque or prayer facilities are near Jalal-Abad's main attractions?,,You will find mosques and prayer areas near major attractions; ask at information centers for exact locations.,Burana Tower; Issyk-Kul Lake; Son-Kul Lake,June–September,halal available,luxury,5,"history, family, halal"
107,"Bishkek, Kyrgyzstan - Tour Package","Family-friendly spots include museums, parks, and easy cultural sites in Bishkek.",800,https://images.unsplash.com/photo-1466427573353-ca4d2ca1ee6d?ixlib=rb-4.0.3&auto=format&fit=crop&w=800&q=60,Kyrgyzstan,Bishkek,Q&A,"List family-friendly attractions in Bishkek, Kyrgyzstan.",,"Family-friendly spots include museums, parks, and easy cultural sites in Bishkek.",Burana Tower; Fairy Tale Canyon; Issyk-Kul Lake,June–September,halal available,budget,5,"budget, history, nature"
108,"Tashkent, Uzbekistan - Tour Package",Nice — do you want a city-focused or nature-focused itinerary?,1500,https://images.unsplash.com/photo-1567427217543-7c3f0533cf63?ixlib=rb-4.0.3&auto=format&fit=crop&w=800&q=60,Uzbekistan,Tashkent,Conversation,I have 7 days and want to explore Uzbekistan.,,Nice — do you want a city-focused or nature-focused itinerary?,Itchan Kala; Shah-i-Zinda; Gur-e-Amir,"April–June, September–October",halal available,mid-range,3,"halal, budget, family"
109,"Ashgabat, Turkmenistan - Tour Package",Nice — do you want a city-focused or nature-focused itinerary?,1500,https://images.unsplash.com/photo-1488646953014-85cb44e25828?ixlib=rb-4.0.3&auto=format&fit=crop&w=800&q=60,Turkmenistan,Ashgabat,Conversation,I have 7 days and want to explore Turkmenistan.,,Nice — do you want a city-focused or nature-focused itinerary?,Ruins of Merv; Darvaza Gas Crater; Nisa Fortress,"April–June, September–October",halal available,mid-range,7,"budget, adventure, family"
110,"Istaravshan, Tajikistan - Tour Package",You will find mosques and prayer areas near major attractions; ask at information centers for exact locations.,1500,https://images.unsplash.com/photo-1488646953014-85cb44e25828?ixlib=rb-4.0.3&auto=format&fit=crop&w=800&q=60,Tajikistan,Istaravshan,Q&A,Which mosque or prayer facilities are near Istaravshan's main attractions?,,You will find mosques and prayer areas near major attractions; ask at information centers for exact locations.,Ancient Penjikent; Iskanderkul; Pamir Mountains,May–September,halal available,mid-range,7,"luxury, family, halal"
111,"Bishkek, Kyrgyzstan - Tour Package","Respect local customs, dress modestly when visiting religious sites, and ask permission before photographing people in rural areas.",800,https://images.unsplash.com/photo-1466427573353-ca4d2ca1ee6d?ixlib=rb-4.0.3&auto=format&fit=crop&w=800&q=60,Kyrgyzstan,Bishkek,Q&A,What cultural etiquette should I know before visiting Kyrgyzstan?,,"Respect local customs, dress modestly when visiting religious sites, and ask permission before photographing people in rural areas.",Ala-Too Square; Fairy Tale Canyon; Son-Kul Lake,June–September,halal available,budget,10,"food, budget, luxury"
112,"Karakol, Kyrgyzstan - Tour Package","Try local dishes like Kuurdak, Laghman when in Karakol.",800,https://images.unsplash.com/photo-1488646953014-85cb44e25828?ixlib=rb-4.0.3&auto=format&fit=crop&w=800&q=60,Kyrgyzstan,Karakol,Q&A,What local dishes should I try in Karakol?,,"Try local dishes like Kuurdak, Laghman when in Karakol.",Issyk-Kul Lake; Fairy Tale Canyon; Son-Kul Lake,June–September,halal available,budget,5,"halal, history, adventure"
113,"Khiva, Uzbekistan - Tour Package","You can travel by bus, shared taxi, or domestic flight depending on distance. Check local bus timetables or domestic flights for best convenience.",1500,https://images.unsplash.com/photo-1506905925346-21bda4d32df4?ixlib=rb-4.0.3&auto=format&fit=crop&w=800&q=60,Uzbekistan,Khiva,Q&A,How to get from the airport to the city center in Khiva?,,"You can travel by bus, shared taxi, or domestic flight depending on distance. Check local bus timetables or domestic flights for best convenience.",Registan; Ark Fortress; Itchan Kala,"April–June, September–October",halal available,mid-range,7,"budget, food, history"
114,"Dushanbe, Tajikistan - Tour Package","Recommend outdoor, nature-focused destinations in Tajikistan.",800,https://images.unsplash.com/photo-1488646953014-85cb44e25828?ixlib=rb-4.0.3&auto=format&fit=crop&w=800&q=60,Tajikistan,Dushanbe,User_Preference,I prefer mountains and hiking.,,"Recommend outdoor, nature-focused destinations in Tajikistan.",Ancient Penjikent; Rudaki Park; Fann Mountains,May–September,limited halal options,budget,4,"nature, luxury, adventure"
115,"Dashoguz, Turkmenistan - Tour Package","Dashoguz in Turkmenistan is known for Kunya-Urgench and rich cultural heritage. Best time to visit: April–June, September–October. Popular foods: Plov...",800,https://images.unsplash.com/photo-1488646953014-85cb44e25828?ixlib=rb-4.0.3&auto=format&fit=crop&w=800&q=60,Turkmenistan,Dashoguz,Destination,"Provide a short description of Dashoguz, Turkmenistan.",,"Dashoguz in Turkmenistan is known for Kunya-Urgench and rich cultural heritage. Best time to visit: April–June, September–October. Popular foods: Plov.",Nisa Fortress; Ruins of Merv; Kunya-Urgench,"April–June, September–October",halal available,budget,5,"nature, family, budget"
116,"Shymkent, Kazakhstan - Tour Package","Look for guesthouses, family-run hotels, and budget hostels near the city center or transport hubs.",800,https://images.unsplash.com/photo-1488646953014-85cb44e25828?ixlib=rb-4.0.3&auto=format&fit=crop&w=800&q=60,Kazakhstan,Shymkent,Q&A,"Suggest budget accommodation options in Shymkent, Kazakhstan.",,"Look for guesthouses, family-run hotels, and budget hostels near the city center or transport hubs.",Medeu Skating Rink; Aksu-Zhabagly; Charyn Canyon,May–September,halal available,budget,2,"food, budget, halal"
117,"Samarkand, Uzbekistan - Tour Package",Suggest budget-friendly destinations and tips in Uzbekistan.,2500,https://images.unsplash.com/photo-1584837403392-39b23aa8c9e0?ixlib=rb-4.0.3&auto=format&fit=crop&w=800&q=60,Uzbekistan,Samarkand,User_Preference,I travel on a budget.,,Suggest budget-friendly destinations and tips in Uzbekistan.,Itchan Kala; Shah-i-Zinda; Ark Fortress,"April–June, September–October",limited halal options,luxury,7,"halal, budget, luxury"
118,"Osh, Kyrgyzstan - Tour Package",Osh in Kyrgyzstan is known for Son-Kul Lake and rich cultural heritage. Best time to visit: June–September. Popular foods: Laghman.,2500,https://images.unsplash.com/photo-1488646953014-85cb44e25828?ixlib=rb-4.0.3&auto=format&fit=crop&w=800&q=60,Kyrgyzstan,Osh,Destination,"Provide a short description of Osh, Kyrgyzstan.",,Osh in Kyrgyzstan is known for Son-Kul Lake and rich cultural heritage. Best time to visit: June–September. Popular foods: Laghman.,Burana Tower; Fairy Tale Canyon; Son-Kul Lake,June–September,halal available,luxury,1,"family, adventure, budget"
119,"Tashkent, Uzbekistan - Tour Package",Uzbekistan offers diverse travel experiences; let me know your interests.,1500,https://images.unsplash.com/photo-1567427217543-7c3f0533cf63?ixlib=rb-4.0.3&auto=format&fit=crop&w=800&q=60,Uzbekistan,Tashkent,Q&A,How can I travel from Tashkent to the capital of Uzbekistan?,,Uzbekistan offers diverse travel experiences; let me know your interests.,Registan; Shah-i-Zinda; Ark Fortress,"April–June, September–October",halal available,mid-range,4,"history, adventure, family"
120,"Shymkent, Kazakhstan - Tour Package",Shymkent in Kazakhstan is known for Aksu-Zhabagly and rich cultural heritage. Best time to visit: May–September. Popular foods: Beshbarmak.,1500,https://images.unsplash.com/photo-1488646953014-85cb44e25828?ixlib=rb-4.0.3&auto=format&fit=crop&w=800&q=60,Kazakhstan,Shymkent,Destination,"Provide a short description of Shymkent, Kazakhstan.",,Shymkent in Kazakhstan is known for Aksu-Zhabagly and rich cultural heritage. Best time to visit: May–September. Popular foods: Beshbarmak.,Charyn Canyon; Big Almaty Lake; Aksu-Zhabagly,May–September,halal available,mid-range,7,"nature, family, halal"
121,"Almaty, Kazakhstan - Tour Package","Try local dishes like Kurt, Beshbarmak when in Almaty.",1500,https://images.unsplash.com/photo-1560707303-4e980ce876ad?ixlib=rb-4.0.3&auto=format&fit=crop&w=800&q=60,Kazakhstan,Almaty,Q&A,What local dishes should I try in Almaty?,,"Try local dishes like Kurt, Beshbarmak when in Almaty.",Bayterek Tower; Aksu-Zhabagly; Medeu Skating Rink,May–September,halal available,mid-range,7,"history, budget, halal"
122,"Bishkek, Kyrgyzstan - Tour Package",Visa requirements vary by nationality. Check the embassy website or official government portal for the latest visa rules for Kyrgyzstan.,2500,https://images.unsplash.com/photo-1466427573353-ca4d2ca1ee6d?ixlib=rb-4.0.3&auto=format&fit=crop&w=800&q=60,Kyrgyzstan,Bishkek,Q&A,How do I get a visa for Kyrgyzstan (if needed)?,,Visa requirements vary by nationality. Check the embassy website or official government portal for the latest visa rules for Kyrgyzstan.,Son-Kul Lake; Burana Tower; Issyk-Kul Lake,June–September,halal available,luxury,5,"food, luxury, history"
123,"Mary, Turkmenistan - Tour Package",List halal-friendly cities and facilities in Turkmenistan.,800,https://images.unsplash.com/photo-1488646953014-85cb44e25828?ixlib=rb-4.0.3&auto=format&fit=crop&w=800&q=60,Turkmenistan,Mary,User_Preference,I need halal-friendly accommodation and nearby mosques.,,List halal-friendly cities and facilities in Turkmenistan.,Kunya-Urgench; Ruins of Merv; Nisa Fortress,"April–June, September–October",halal available,budget,3,"budget, halal, food"
124,"Aktau, Kazakhstan - Tour Package","Popular activities include hiking, horseback riding, lake visits, and cultural walks depending on the country.",800,https://images.unsplash.com/photo-1488646953014-85cb44e25828?ixlib=rb-4.0.3&auto=format&fit=crop&w=800&q=60,Kazakhstan,Aktau,Q&A,What outdoor activities are popular in Kazakhstan?,,"Popular activities include hiking, horseback riding, lake visits, and cultural walks depending on the country.",Big Almaty Lake; Bayterek Tower; Charyn Canyon,May–September,halal available,budget,2,"halal, budget, adventure"
125,"Astana, Kazakhstan - Tour Package","Recommend outdoor, nature-focused destinations in Kazakhstan.",2500,https://images.unsplash.com/photo-1488646953014-85cb44e25828?ixlib=rb-4.0.3&auto=format&fit=crop&w=800&q=60,Kazakhstan,Astana,User_Preference,I prefer mountains and hiking.,,"Recommend outdoor, nature-focused destinations in Kazakhstan.",Charyn Canyon; Bayterek Tower; Aksu-Zhabagly,May–September,halal available,luxury,10,"history, halal, food"
126,"Mary, Turkmenistan - Tour Package","Mary in Turkmenistan is known for Ruins of Merv and rich cultural heritage. Best time to visit: April–June, September–October. Popular foods: Ichlekli...",1500,https://images.unsplash.com/photo-1488646953014-85cb44e25828?ixlib=rb-4.0.3&auto=format&fit=crop&w=800&q=60,Turkmenistan,Mary,Destination,"Provide a short description of Mary, Turkmenistan.",,"Mary in Turkmenistan is known for Ruins of Merv and rich cultural heritage. Best time to visit: April–June, September–October. Popular foods: Ichlekli.",Ruins of Merv; Yangykala Canyon; Nisa Fortress,"April–June, September–October",halal available,mid-range,3,"adventure, luxury, family"
127,"Naryn, Kyrgyzstan - Tour Package","Yes, Naryn has halal restaurants. Popular options include local Central Asian cuisine and some halal-certified eateries in the city center.",2500,https://images.unsplash.com/photo-1488646953014-85cb44e25828?ixlib=rb-4.0.3&auto=format&fit=crop&w=800&q=60,Kyrgyzstan,Naryn,Q&A,"Are there halal restaurants in Naryn, Kyrgyzstan?",,"Yes, Naryn has halal restaurants. Popular options include local Central Asian cuisine and some halal-certified eateries in the city center.",Burana Tower; Son-Kul Lake; Ala-Too Square,June–September,halal available,luxury,4,"luxury, budget, food"
128,"Panjakent, Tajikistan - Tour Package",Panjakent in Tajikistan is known for Pamir Mountains and rich cultural heritage. Best time to visit: May–September. Popular foods: Qurutob.,1500,https://images.unsplash.com/photo-1488646953014-85cb44e25828?ixlib=rb-4.0.3&auto=format&fit=crop&w=800&q=60,Tajikistan,Panjakent,Destination,"Provide a short description of Panjakent, Tajikistan.",,Panjakent in Tajikistan is known for Pamir Mountains and rich cultural heritage. Best time to visit: May–September. Popular foods: Qurutob.,Ancient Penjikent; Pamir Mountains; Rudaki Park,May–September,halal available,mid-range,10,"halal, family, history"
129,"Ashgabat, Turkmenistan - Tour Package",You will find mosques and prayer areas near major attractions; ask at information centers for exact locations.,800,https://images.unsplash.com/photo-1488646953014-85cb44e25828?ixlib=rb-4.0.3&auto=format&fit=crop&w=800&q=60,Turkmenistan,Ashgabat,Q&A,Which mosque or prayer facilities are near Ashgabat's main attractions?,,You will find mosques and prayer areas near major attractions; ask at information centers for exact locations.,Ruins of Merv; Nisa Fortress; Yangykala Canyon,"April–June, September–October",limited halal options,budget,10,"budget, history, nature"
130,"Khorog, Tajikistan - Tour Package",Suggest budget-friendly destinations and tips in Tajikistan.,1500,https://images.unsplash.com/photo-1488646953014-85cb44e25828?ixlib=rb-4.0.3&auto=format&fit=crop&w=800&q=60,Tajikistan,Khorog,User_Preference,I travel on a budget.,,Suggest budget-friendly destinations and tips in Tajikistan.,Iskanderkul; Rudaki Park; Fann Mountains,May–September,halal available,mid-range,1,"halal, nature, history"
131,"Bishkek, Kyrgyzstan - Tour Package",I can recommend popular halal restaurants nearby — any cuisine preference?,1500,https://images.unsplash.com/photo-1466427573353-ca4d2ca1ee6d?ixlib=rb-4.0.3&auto=format&fit=crop&w=800&q=60,Kyrgyzstan,Bishkek,Conversation,I am looking for halal food in Bishkek.,,I can recommend popular halal restaurants nearby — any cuisine preference?,Issyk-Kul Lake; Fairy Tale Canyon; Ala-Too Square,June–September,halal available,mid-range,7,"food, budget, halal"
132,"Istaravshan, Tajikistan - Tour Package",Istaravshan in Tajikistan is known for Iskanderkul and rich cultural heritage. Best time to visit: May–September. Popular foods: Qurutob.,2500,https://images.unsplash.com/photo-1488646953014-85cb44e25828?ixlib=rb-4.0.3&auto=format&fit=crop&w=800&q=60,Tajikistan,Istaravshan,Destination,"Provide a short description of Istaravshan, Tajikistan.",,Istaravshan in Tajikistan is known for Iskanderkul and rich cultural heritage. Best time to visit: May–September. Popular foods: Qurutob.,Fann Mountains; Pamir Mountains; Iskanderkul,May–September,halal available,luxury,5,"budget, history, food"
133,"Shymkent, Kazakhstan - Tour Package","Yes, Shymkent has halal restaurants. Popular options include local Central Asian cuisine and some halal-certified eateries in the city center.",1500,https://images.unsplash.com/photo-1488646953014-85cb44e25828?ixlib=rb-4.0.3&auto=format&fit=crop&w=800&q=60,Kazakhstan,Shymkent,Q&A,"Are there halal restaurants in Shymkent, Kazakhstan?",,"Yes, Shymkent has halal restaurants. Popular options include local Central Asian cuisine and some halal-certified eateries in the city center.",Big Almaty Lake; Aksu-Zhabagly; Charyn Canyon,May–September,halal available,mid-range,5,"history, halal, family"
134,"Mary, Turkmenistan - Tour Package",I can recommend popular halal restaurants nearby — any cuisine preference?,2500,https://images.unsplash.com/photo-1488646953014-85cb44e25828?ixlib=rb-4.0.3&auto=format&fit=crop&w=800&q=60,Turkmenistan,Mary,Conversation,I am looking for halal food in Mary.,,I can recommend popular halal restaurants nearby — any cuisine preference?,Kunya-Urgench; Darvaza Gas Crater; Nisa Fortress,"April–June, September–October",halal available,luxury,4,"food, halal, budget"
135,"Shakhrisabz, Uzbekistan - Tour Package",Recommend cities for history & food lovers in Uzbekistan.,800,https://images.unsplash.com/photo-1488646953014-85cb44e25828?ixlib=rb-4.0.3&auto=format&fit=crop&w=800&q=60,Uzbekistan,Shakhrisabz,User_Preference,I like historical sites and local food.,,Recommend cities for history & food lovers in Uzbekistan.,Shah-i-Zinda; Registan; Gur-e-Amir,"April–June, September–October",halal available,budget,7,"budget, food, luxury"
136,"Bukhara, Uzbekistan - Tour Package",I can recommend popular halal restaurants nearby — any cuisine preference?,1500,https://images.unsplash.com/photo-1488646953014-85cb44e25828?ixlib=rb-4.0.3&auto=format&fit=crop&w=800&q=60,Uzbekistan,Bukhara,Conversation,I am looking for halal food in Bukhara.,,I can recommend popular halal restaurants nearby — any cuisine preference?,Gur-e-Amir; Registan; Ark Fortress,"April–June, September–October",halal available,mid-range,2,"history, food, family"
137,"Osh, Kyrgyzstan - Tour Package",Sure — how many family members and ages?,1500,https://images.unsplash.com/photo-1488646953014-85cb44e25828?ixlib=rb-4.0.3&auto=format&fit=crop&w=800&q=60,Kyrgyzstan,Osh,Conversation,Can you help me plan a family trip to Osh?,,Sure — how many family members and ages?,Son-Kul Lake; Issyk-Kul Lake; Ala-Too Square,June–September,halal available,mid-range,1,"family, nature, history"
138,"Almaty, Kazakhstan - Tour Package",Kazakhstan offers diverse travel experiences; let me know your interests.,800,https://images.unsplash.com/photo-1560707303-4e980ce876ad?ixlib=rb-4.0.3&auto=format&fit=crop&w=800&q=60,Kazakhstan,Almaty,Q&A,How can I travel from Almaty to the capital of Kazakhstan?,,Kazakhstan offers diverse travel experiences; let me know your interests.,Aksu-Zhabagly; Big Almaty Lake; Bayterek Tower,May–September,halal available,budget,10,"adventure, food, budget"
139,"Bukhara, Uzbekistan - Tour Package",You will find mosques and prayer areas near major attractions; ask at information centers for exact locations.,1500,https://images.unsplash.com/photo-1488646953014-85cb44e25828?ixlib=rb-4.0.3&auto=format&fit=crop&w=800&q=60,Uzbekistan,Bukhara,Q&A,Which mosque or prayer facilities are near Bukhara's main attractions?,,You will find mosques and prayer areas near major attractions; ask at information centers for exact locations.,Ark Fortress; Itchan Kala; Gur-e-Amir,"April–June, September–October",halal available,mid-range,3,"food, adventure, halal"
140,"Khorog, Tajikistan - Tour Package",List halal-friendly cities and facilities in Tajikistan.,800,https://images.unsplash.com/photo-1488646953014-85cb44e25828?ixlib=rb-4.0.3&auto=format&fit=crop&w=800&q=60,Tajikistan,Khorog,User_Preference,I need halal-friendly accommodation and nearby mosques.,,List halal-friendly cities and facilities in Tajikistan.,Iskanderkul; Rudaki Park; Ancient Penjikent,May–September,halal available,budget,5,"family, food, history"
141,"Bukhara, Uzbekistan - Tour Package","Bukhara in Uzbekistan is known for Ark Fortress and rich cultural heritage. Best time to visit: April–June, September–October. Popular foods: Samsa.",1500,https://images.unsplash.com/photo-1488646953014-85cb44e25828?ixlib=rb-4.0.3&auto=format&fit=crop&w=800&q=60,Uzbekistan,Bukhara,Destination,"Provide a short description of Bukhara, Uzbekistan.",,"Bukhara in Uzbekistan is known for Ark Fortress and rich cultural heritage. Best time to visit: April–June, September–October. Popular foods: Samsa.",Shah-i-Zinda; Itchan Kala; Registan,"April–June, September–October",halal available,mid-range,4,"history, halal, food"
142,"Dashoguz, Turkmenistan - Tour Package",You will find mosques and prayer areas near major attractions; ask at information centers for exact locations.,1500,https://images.unsplash.com/photo-1488646953014-85cb44e25828?ixlib=rb-4.0.3&auto=format&fit=crop&w=800&q=60,Turkmenistan,Dashoguz,Q&A,Which mosque or prayer facilities are near Dashoguz's main attractions?,,You will find mosques and prayer areas near major attractions; ask at information centers for exact locations.,Darvaza Gas Crater; Yangykala Canyon; Nisa Fortress,"April–June, September–October",halal available,mid-range,5,"food, history, nature"
143,"Dashoguz, Turkmenistan - Tour Package","Top attractions in Turkmenistan include Ruins of Merv, Nisa Fortress, Yangykala Canyon.",1500,https://images.unsplash.com/photo-1488646953014-85cb44e25828?ixlib=rb-4.0.3&auto=format&fit=crop&w=800&q=60,Turkmenistan,Dashoguz,Q&A,"Suggest top places to visit in Dashoguz, Turkmenistan.",,"Top attractions in Turkmenistan include Ruins of Merv, Nisa Fortress, Yangykala Canyon.",Kunya-Urgench; Darvaza Gas Crater; Nisa Fortress,"April–June, September–October",halal available,mid-range,3,"halal, adventure, history"
144,"Mary, Turkmenistan - Tour Package","Mary in Turkmenistan is known for Kunya-Urgench and rich cultural heritage. Best time to visit: April–June, September–October. Popular foods: Plov.",800,https://images.unsplash.com/photo-1488646953014-85cb44e25828?ixlib=rb-4.0.3&auto=format&fit=crop&w=800&q=60,Turkmenistan,Mary,Destination,"Provide a short description of Mary, Turkmenistan.",,"Mary in Turkmenistan is known for Kunya-Urgench and rich cultural heritage. Best time to visit: April–June, September–October. Popular foods: Plov.",Nisa Fortress; Ruins of Merv; Darvaza Gas Crater,"April–June, September–October",halal available,budget,4,"budget, family, history"
145,"Karakol, Kyrgyzstan - Tour Package",Nice — do you want a city-focused or nature-focused itinerary?,1500,https://images.unsplash.com/photo-1488646953014-85cb44e25828?ixlib=rb-4.0.3&auto=format&fit=crop&w=800&q=60,Kyrgyzstan,Karakol,Conversation,I have 7 days and want to explore Kyrgyzstan.,,Nice — do you want a city-focused or nature-focused itinerary?,Fairy Tale Canyon; Burana Tower; Son-Kul Lake,June–September,limited halal options,mid-range,2,"nature, luxury, history"
146,"Khujand, Tajikistan - Tour Package",Sure — how many family members and ages?,800,https://images.unsplash.com/photo-1488646953014-85cb44e25828?ixlib=rb-4.0.3&auto=format&fit=crop&w=800&q=60,Tajikistan,Khujand,Conversation,Can you help me plan a family trip to Khujand?,,Sure — how many family members and ages?,Iskanderkul; Fann Mountains; Rudaki Park,May–September,halal available,budget,5,"family, food, nature"
147,"Shymkent, Kazakhstan - Tour Package",Shymkent in Kazakhstan is known for Charyn Canyon and rich cultural heritage. Best time to visit: May–September. Popular foods: Beshbarmak.,2500,https://images.unsplash.com/photo-1488646953014-85cb44e25828?ixlib=rb-4.0.3&auto=format&fit=crop&w=800&q=60,Kazakhstan,Shymkent,Destination,"Provide a short description of Shymkent, Kazakhstan.",,Shymkent in Kazakhstan is known for Charyn Canyon and rich cultural heritage. Best time to visit: May–September. Popular foods: Beshbarmak.,Medeu Skating Rink; Aksu-Zhabagly; Big Almaty Lake,May–September,halal available,luxury,5,"halal, adventure, family"
148,"Aktau, Kazakhstan - Tour Package","Great! Do you prefer culture, nature, or adventure?",2500,https://images.unsplash.com/photo-1488646953014-85cb44e25828?ixlib=rb-4.0.3&auto=format&fit=crop&w=800&q=60,Kazakhstan,Aktau,Conversation,"Hi, I want to plan a trip to Kazakhstan.",,"Great! Do you prefer culture, nature, or adventure?",Bayterek Tower; Big Almaty Lake; Aksu-Zhabagly,May–September,halal available,luxury,4,"budget, luxury, family"
149,"Samarkand, Uzbekistan - Tour Package",Recommend cities for history & food lovers in Uzbekistan.,800,https://images.unsplash.com/photo-1584837403392-39b23aa8c9e0?ixlib=rb-4.0.3&auto=format&fit=crop&w=800&q=60,Uzbekistan,Samarkand,User_Preference,I like historical sites and local food.,,Recommend cities for history & food lovers in Uzbekistan.,Itchan Kala; Shah-i-Zinda; Ark Fortress,"April–June, September–October",halal available,budget,10,"food, budget, nature"
150,"Panjakent, Tajikistan - Tour Package",Recommend cities for history & food lovers in Tajikistan.,1500,https://images.unsplash.com/photo-1488646953014-85cb44e25828?ixlib=rb-4.0.3&auto=format&fit=crop&w=800&q=60,Tajikistan,Panjakent,User_Preference,I like historical sites and local food.,,Recommend cities for history & food lovers in Tajikistan.,Iskanderkul; Pamir Mountains; Rudaki Park,May–September,halal available,mid-range,7,"adventure, food, family"
151,"Bishkek, Kyrgyzstan - Tour Package","Popular activities include hiking, horseback riding, lake visits, and cultural walks depending on the country.",2500,https://images.unsplash.com/photo-1466427573353-ca4d2ca1ee6d?ixlib=rb-4.0.3&auto=format&fit=crop&w=800&q=60,Kyrgyzstan,Bishkek,Q&A,What outdoor activities are popular in Kyrgyzstan?,,"Popular activities include hiking, horseback riding, lake visits, and cultural walks depending on the country.",Fairy Tale Canyon; Burana Tower; Ala-Too Square,June–September,halal available,luxury,5,"nature, family, halal"
152,"Aktau, Kazakhstan - Tour Package","Recommend outdoor, nature-focused destinations in Kazakhstan.",800,https://images.unsplash.com/photo-1488646953014-85cb44e25828?ixlib=rb-4.0.3&auto=format&fit=crop&w=800&q=60,Kazakhstan,Aktau,User_Preference,I prefer mountains and hiking.,,"Recommend outdoor, nature-focused destinations in Kazakhstan.",Medeu Skating Rink; Bayterek Tower; Big Almaty Lake,May–September,halal available,budget,1,"history, halal, family"
153,"Osh, Kyrgyzstan - Tour Package",Sure — how many family members and ages?,2500,https://images.unsplash.com/photo-1488646953014-85cb44e25828?ixlib=rb-4.0.3&auto=format&fit=crop&w=800&q=60,Kyrgyzstan,Osh,Conversation,Can you help me plan a family trip to Osh?,,Sure — how many family members and ages?,Fairy Tale Canyon; Ala-Too Square; Issyk-Kul Lake,June–September,halal available,luxury,3,"family, adventure, nature"
154,"Khorog, Tajikistan - Tour Package",Khorog in Tajikistan is known for Iskanderkul and rich cultural heritage. Best time to visit: May–September. Popular foods: Qurutob.,1500,https://images.unsplash.com/photo-1488646953014-85cb44e25828?ixlib=rb-4.0.3&auto=format&fit=crop&w=800&q=60,Tajikistan,Khorog,Destination,"Provide a short description of Khorog, Tajikistan.",,Khorog in Tajikistan is known for Iskanderkul and rich cultural heritage. Best time to visit: May–September. Popular foods: Qurutob.,Rudaki Park; Ancient Penjikent; Pamir Mountains,May–September,halal available,mid-range,5,"food, luxury, halal"
155,"Karakol, Kyrgyzstan - Tour Package","Recommend outdoor, nature-focused destinations in Kyrgyzstan.",800,https://images.unsplash.com/photo-1488646953014-85cb44e25828?ixlib=rb-4.0.3&auto=format&fit=crop&w=800&q=60,Kyrgyzstan,Karakol,User_Preference,I prefer mountains and hiking.,,"Recommend outdoor, nature-focused destinations in Kyrgyzstan.",Burana Tower; Ala-Too Square; Issyk-Kul Lake,June–September,halal available,budget,3,"luxury, nature, budget"
156,"Tashkent, Uzbekistan - Tour Package",Uzbekistan is generally safe for tourists; follow usual travel safety precautions and check local advice for female travelers.,800,https://images.unsplash.com/photo-1567427217543-7c3f0533cf63?ixlib=rb-4.0.3&auto=format&fit=crop&w=800&q=60,Uzbekistan,Tashkent,Q&A,Is Uzbekistan safe for solo female travelers?,,Uzbekistan is generally safe for tourists; follow usual travel safety precautions and check local advice for female travelers.,Shah-i-Zinda; Itchan Kala; Registan,"April–June, September–October",limited halal options,budget,10,"halal, family, luxury"
157,"Osh, Kyrgyzstan - Tour Package",Sure — how many family members and ages?,1500,https://images.unsplash.com/photo-1488646953014-85cb44e25828?ixlib=rb-4.0.3&auto=format&fit=crop&w=800&q=60,Kyrgyzstan,Osh,Conversation,Can you help me plan a family trip to Osh?,,Sure — how many family members and ages?,Fairy Tale Canyon; Son-Kul Lake; Issyk-Kul Lake,June–September,halal available,mid-range,1,"nature, adventure, family"
158,"Khujand, Tajikistan - Tour Package",Day 1: Explore the city highlights in Khujand. Day 2: Visit nearby cultural or nature spots. Day 3: Shopping and local cuisine. Adjust based on intere...,2500,https://images.unsplash.com/photo-1488646953014-85cb44e25828?ixlib=rb-4.0.3&auto=format&fit=crop&w=800&q=60,Tajikistan,Khujand,Q&A,"Recommend a 3-day itinerary for Khujand, Tajikistan.",,Day 1: Explore the city highlights in Khujand. Day 2: Visit nearby cultural or nature spots. Day 3: Shopping and local cuisine. Adjust based on interests.,Iskanderkul; Ancient Penjikent; Pamir Mountains,May–September,halal available,luxury,7,"luxury, food, family"
159,"Tashkent, Uzbekistan - Tour Package","Tashkent in Uzbekistan is known for Ark Fortress and rich cultural heritage. Best time to visit: April–June, September–October. Popular foods: Shashli...",800,https://images.unsplash.com/photo-1567427217543-7c3f0533cf63?ixlib=rb-4.0.3&auto=format&fit=crop&w=800&q=60,Uzbekistan,Tashkent,Destination,"Provide a short description of Tashkent, Uzbekistan.",,"Tashkent in Uzbekistan is known for Ark Fortress and rich cultural heritage. Best time to visit: April–June, September–October. Popular foods: Shashlik.",Ark Fortress; Itchan Kala; Gur-e-Amir,"April–June, September–October",halal available,budget,5,"adventure, food, family"
160,"Bishkek, Kyrgyzstan - Tour Package","Try local dishes like Kuurdak, Laghman when in Bishkek.",1500,https://images.unsplash.com/photo-1466427573353-ca4d2ca1ee6d?ixlib=rb-4.0.3&auto=format&fit=crop&w=800&q=60,Kyrgyzstan,Bishkek,Q&A,What local dishes should I try in Bishkek?,,"Try local dishes like Kuurdak, Laghman when in Bishkek.",Fairy Tale Canyon; Ala-Too Square; Son-Kul Lake,June–September,limited halal options,mid-range,3,"halal, family, food"
161,"Astana, Kazakhstan - Tour Package",Astana in Kazakhstan is known for Big Almaty Lake and rich cultural heritage. Best time to visit: May–September. Popular foods: Baursak.,1500,https://images.unsplash.com/photo-1488646953014-85cb44e25828?ixlib=rb-4.0.3&auto=format&fit=crop&w=800&q=60,Kazakhstan,Astana,Destination,"Provide a short description of Astana, Kazakhstan.",,Astana in Kazakhstan is known for Big Almaty Lake and rich cultural heritage. Best time to visit: May–September. Popular foods: Baursak.,Charyn Canyon; Aksu-Zhabagly; Big Almaty Lake,May–September,halal available,mid-range,10,"luxury, family, adventure"
162,"Aktau, Kazakhstan - Tour Package",Nice — do you want a city-focused or nature-focused itinerary?,2500,https://images.unsplash.com/photo-1488646953014-85cb44e25828?ixlib=rb-4.0.3&auto=format&fit=crop&w=800&q=60,Kazakhstan,Aktau,Conversation,I have 7 days and want to explore Kazakhstan.,,Nice — do you want a city-focused or nature-focused itinerary?,Bayterek Tower; Aksu-Zhabagly; Charyn Canyon,May–September,halal available,luxury,7,"family, luxury, food"
163,"Balkanabat, Turkmenistan - Tour Package","Balkanabat in Turkmenistan is known for Yangykala Canyon and rich cultural heritage. Best time to visit: April–June, September–October. Popular foods:...",800,https://images.unsplash.com/photo-1488646953014-85cb44e25828?ixlib=rb-4.0.3&auto=format&fit=crop&w=800&q=60,Turkmenistan,Balkanabat,Destination,"Provide a short description of Balkanabat, Turkmenistan.",,"Balkanabat in Turkmenistan is known for Yangykala Canyon and rich cultural heritage. Best time to visit: April–June, September–October. Popular foods: Plov.",Kunya-Urgench; Darvaza Gas Crater; Ruins of Merv,"April–June, September–October",halal available,budget,4,"family, budget, halal"
164,"Shakhrisabz, Uzbekistan - Tour Package","Shakhrisabz in Uzbekistan is known for Shah-i-Zinda and rich cultural heritage. Best time to visit: April–June, September–October. Popular foods: Shas...",2500,https://images.unsplash.com/photo-1488646953014-85cb44e25828?ixlib=rb-4.0.3&auto=format&fit=crop&w=800&q=60,Uzbekistan,Shakhrisabz,Destination,"Provide a short description of Shakhrisabz, Uzbekistan.",,"Shakhrisabz in Uzbekistan is known for Shah-i-Zinda and rich cultural heritage. Best time to visit: April–June, September–October. Popular foods: Shashlik.",Gur-e-Amir; Registan; Ark Fortress,"April–June, September–October",halal available,luxury,7,"budget, nature, halal"
165,"Almaty, Kazakhstan - Tour Package",Almaty in Kazakhstan is known for Charyn Canyon and rich cultural heritage. Best time to visit: May–September. Popular foods: Beshbarmak.,1500,https://images.unsplash.com/photo-1560707303-4e980ce876ad?ixlib=rb-4.0.3&auto=format&fit=crop&w=800&q=60,Kazakhstan,Almaty,Destination,"Provide a short description of Almaty, Kazakhstan.",,Almaty in Kazakhstan is known for Charyn Canyon and rich cultural heritage. Best time to visit: May–September. Popular foods: Beshbarmak.,Charyn Canyon; Big Almaty Lake; Medeu Skating Rink,May–September,halal available,mid-range,7,"adventure, luxury, family"
166,"Dashoguz, Turkmenistan - Tour Package","Great! Do you prefer culture, nature, or adventure?",2500,https://images.unsplash.com/photo-1488646953014-85cb44e25828?ixlib=rb-4.0.3&auto=format&fit=crop&w=800&q=60,Turkmenistan,Dashoguz,Conversation,"Hi, I want to plan a trip to Turkmenistan.",,"Great! Do you prefer culture, nature, or adventure?",Ruins of Merv; Yangykala Canyon; Nisa Fortress,"April–June, September–October",halal available,luxury,4,"budget, food, nature"
167,"Panjakent, Tajikistan - Tour Package",Day 1: Explore the city highlights in Panjakent. Day 2: Visit nearby cultural or nature spots. Day 3: Shopping and local cuisine. Adjust based on inte...,1500,https://images.unsplash.com/photo-1488646953014-85cb44e25828?ixlib=rb-4.0.3&auto=format&fit=crop&w=800&q=60,Tajikistan,Panjakent,Q&A,"Recommend a 3-day itinerary for Panjakent, Tajikistan.",,Day 1: Explore the city highlights in Panjakent. Day 2: Visit nearby cultural or nature spots. Day 3: Shopping and local cuisine. Adjust based on interests.,Fann Mountains; Rudaki Park; Iskanderkul,May–September,limited halal options,mid-range,5,"family, nature, food"
168,"Osh, Kyrgyzstan - Tour Package",Osh in Kyrgyzstan is known for Son-Kul Lake and rich cultural heritage. Best time to visit: June–September. Popular foods: Laghman.,2500,https://images.unsplash.com/photo-1488646953014-85cb44e25828?ixlib=rb-4.0.3&auto=format&fit=crop&w=800&q=60,Kyrgyzstan,Osh,Destination,"Provide a short description of Osh, Kyrgyzstan.",,Osh in Kyrgyzstan is known for Son-Kul Lake and rich cultural heritage. Best time to visit: June–September. Popular foods: Laghman.,Son-Kul Lake; Burana Tower; Fairy Tale Canyon,June–September,limited halal options,luxury,3,"family, history, luxury"
169,"Dashoguz, Turkmenistan - Tour Package",Sure — how many family members and ages?,2500,https://images.unsplash.com/photo-1488646953014-85cb44e25828?ixlib=rb-4.0.3&auto=format&fit=crop&w=800&q=60,Turkmenistan,Dashoguz,Conversation,Can you help me plan a family trip to Dashoguz?,,Sure — how many family members and ages?,Nisa Fortress; Ruins of Merv; Kunya-Urgench,"April–June, September–October",halal available,luxury,1,"halal, adventure, luxury"
170,"Naryn, Kyrgyzstan - Tour Package","Look for guesthouses, family-run hotels, and budget hostels near the city center or transport hubs.",800,https://images.unsplash.com/photo-1488646953014-85cb44e25828?ixlib=rb-4.0.3&auto=format&fit=crop&w=800&q=60,Kyrgyzstan,Naryn,Q&A,"Suggest budget accommodation options in Naryn, Kyrgyzstan.",,"Look for guesthouses, family-run hotels, and budget hostels near the city center or transport hubs.",Fairy Tale Canyon; Burana Tower; Son-Kul Lake,June–September,halal available,budget,1,"adventure, nature, history"
171,"Mary, Turkmenistan - Tour Package","Mary in Turkmenistan is known for Darvaza Gas Crater and rich cultural heritage. Best time to visit: April–June, September–October. Popular foods: Ich...",2500,https://images.unsplash.com/photo-1488646953014-85cb44e25828?ixlib=rb-4.0.3&auto=format&fit=crop&w=800&q=60,Turkmenistan,Mary,Destination,"Provide a short description of Mary, Turkmenistan.",,"Mary in Turkmenistan is known for Darvaza Gas Crater and rich cultural heritage. Best time to visit: April–June, September–October. Popular foods: Ichlekli.",Kunya-Urgench; Nisa Fortress; Yangykala Canyon,"April–June, September–October",halal available,luxury,10,"food, history, family"
172,"Karaganda, Kazakhstan - Tour Package",Karaganda in Kazakhstan is known for Big Almaty Lake and rich cultural heritage. Best time to visit: May–September. Popular foods: Kurt.,800,https://images.unsplash.com/photo-1488646953014-85cb44e25828?ixlib=rb-4.0.3&auto=format&fit=crop&w=800&q=60,Kazakhstan,Karaganda,Destination,"Provide a short description of Karaganda, Kazakhstan.",,Karaganda in Kazakhstan is known for Big Almaty Lake and rich cultural heritage. Best time to visit: May–September. Popular foods: Kurt.,Medeu Skating Rink; Bayterek Tower; Aksu-Zhabagly,May–September,halal available,budget,10,"nature, halal, family"
173,"Aktau, Kazakhstan - Tour Package","Great! Do you prefer culture, nature, or adventure?",800,https://images.unsplash.com/photo-1488646953014-85cb44e25828?ixlib=rb-4.0.3&auto=format&fit=crop&w=800&q=60,Kazakhstan,Aktau,Conversation,"Hi, I want to plan a trip to Kazakhstan.",,"Great! Do you prefer culture, nature, or adventure?",Medeu Skating Rink; Big Almaty Lake; Charyn Canyon,May–September,limited halal options,budget,10,"budget, luxury, adventure"
174,"Shymkent, Kazakhstan - Tour Package","Great! Do you prefer culture, nature, or adventure?",2500,https://images.unsplash.com/photo-1488646953014-85cb44e25828?ixlib=rb-4.0.3&auto=format&fit=crop&w=800&q=60,Kazakhstan,Shymkent,Conversation,"Hi, I want to plan a trip to Kazakhstan.",,"Great! Do you prefer culture, nature, or adventure?",Bayterek Tower; Charyn Canyon; Medeu Skating Rink,May–September,halal available,luxury,5,"luxury, nature, family"
175,"Khorog, Tajikistan - Tour Package","Top attractions in Tajikistan include Fann Mountains, Pamir Mountains, Ancient Penjikent.",2500,https://images.unsplash.com/photo-1488646953014-85cb44e25828?ixlib=rb-4.0.3&auto=format&fit=crop&w=800&q=60,Tajikistan,Khorog,Q&A,"Suggest top places to visit in Khorog, Tajikistan.",,"Top attractions in Tajikistan include Fann Mountains, Pamir Mountains, Ancient Penjikent.",Rudaki Park; Fann Mountains; Ancient Penjikent,May–September,halal available,luxury,3,"family, luxury, halal"
176,"Astana, Kazakhstan - Tour Package",Astana in Kazakhstan is known for Big Almaty Lake and rich cultural heritage. Best time to visit: May–September. Popular foods: Kurt.,800,https://images.unsplash.com/photo-1488646953014-85cb44e25828?ixlib=rb-4.0.3&auto=format&fit=crop&w=800&q=60,Kazakhstan,Astana,Destination,"Provide a short description of Astana, Kazakhstan.",,Astana in Kazakhstan is known for Big Almaty Lake and rich cultural heritage. Best time to visit: May–September. Popular foods: Kurt.,Aksu-Zhabagly; Bayterek Tower; Charyn Canyon,May–September,halal available,budget,2,"food, adventure, luxury"
177,"Almaty, Kazakhstan - Tour Package","Yes, Almaty has halal restaurants. Popular options include local Central Asian cuisine and some halal-certified eateries in the city center.",2500,https://images.unsplash.com/photo-1560707303-4e980ce876ad?ixlib=rb-4.0.3&auto=format&fit=crop&w=800&q=60,Kazakhstan,Almaty,Q&A,"Are there halal restaurants in Almaty, Kazakhstan?",,"Yes, Almaty has halal restaurants. Popular options include local Central Asian cuisine and some halal-certified eateries in the city center.",Big Almaty Lake; Bayterek Tower; Medeu Skating Rink,May–September,halal available,luxury,5,"history, food, halal"
178,"Osh, Kyrgyzstan - Tour Package","Top attractions in Kyrgyzstan include Son-Kul Lake, Burana Tower, Ala-Too Square.",1500,https://images.unsplash.com/photo-1488646953014-85cb44e25828?ixlib=rb-4.0.3&auto=format&fit=crop&w=800&q=60,Kyrgyzstan,Osh,Q&A,"Suggest top places to visit in Osh, Kyrgyzstan.",,"Top attractions in Kyrgyzstan include Son-Kul Lake, Burana Tower, Ala-Too Square.",Son-Kul Lake; Burana Tower; Fairy Tale Canyon,June–September,halal available,mid-range,3,"adventure, nature, budget"
179,"Khujand, Tajikistan - Tour Package",Khujand in Tajikistan is known for Ancient Penjikent and rich cultural heritage. Best time to visit: May–September. Popular foods: Osh.,800,https://images.unsplash.com/photo-1488646953014-85cb44e25828?ixlib=rb-4.0.3&auto=format&fit=crop&w=800&q=60,Tajikistan,Khujand,Destination,"Provide a short description of Khujand, Tajikistan.",,Khujand in Tajikistan is known for Ancient Penjikent and rich cultural heritage. Best time to visit: May–September. Popular foods: Osh.,Rudaki Park; Ancient Penjikent; Fann Mountains,May–September,halal available,budget,10,"adventure, halal, family"
180,"Shakhrisabz, Uzbekistan - Tour Package","Shakhrisabz in Uzbekistan is known for Ark Fortress and rich cultural heritage. Best time to visit: April–June, September–October. Popular foods: Plov...",2500,https://images.unsplash.com/photo-1488646953014-85cb44e25828?ixlib=rb-4.0.3&auto=format&fit=crop&w=800&q=60,Uzbekistan,Shakhrisabz,Destination,"Provide a short description of Shakhrisabz, Uzbekistan.",,"Shakhrisabz in Uzbekistan is known for Ark Fortress and rich cultural heritage. Best time to visit: April–June, September–October. Popular foods: Plov.",Shah-i-Zinda; Registan; Itchan Kala,"April–June, September–October",halal available,luxury,2,"food, nature, luxury"
181,"Dashoguz, Turkmenistan - Tour Package","Yes, Dashoguz has halal restaurants. Popular options include local Central Asian cuisine and some halal-certified eateries in the city center.",1500,https://images.unsplash.com/photo-1488646953014-85cb44e25828?ixlib=rb-4.0.3&auto=format&fit=crop&w=800&q=60,Turkmenistan,Dashoguz,Q&A,"Are there halal restaurants in Dashoguz, Turkmenistan?",,"Yes, Dashoguz has halal restaurants. Popular options include local Central Asian cuisine and some halal-certified eateries in the city center.",Yangykala Canyon; Kunya-Urgench; Darvaza Gas Crater,"April–June, September–October",halal available,mid-range,10,"history, adventure, nature"
182,"Dashoguz, Turkmenistan - Tour Package","Dashoguz in Turkmenistan is known for Darvaza Gas Crater and rich cultural heritage. Best time to visit: April–June, September–October. Popular foods:...",1500,https://images.unsplash.com/photo-1488646953014-85cb44e25828?ixlib=rb-4.0.3&auto=format&fit=crop&w=800&q=60,Turkmenistan,Dashoguz,Destination,"Provide a short description of Dashoguz, Turkmenistan.",,"Dashoguz in Turkmenistan is known for Darvaza Gas Crater and rich cultural heritage. Best time to visit: April–June, September–October. Popular foods: Shashlik.",Kunya-Urgench; Nisa Fortress; Yangykala Canyon,"April–June, September–October",halal available,mid-range,10,"history, halal, nature"
183,"Ashgabat, Turkmenistan - Tour Package",Day 1: Explore the city highlights in Ashgabat. Day 2: Visit nearby cultural or nature spots. Day 3: Shopping and local cuisine. Adjust based on inter...,1500,https://images.unsplash.com/photo-1488646953014-85cb44e25828?ixlib=rb-4.0.3&auto=format&fit=crop&w=800&q=60,Turkmenistan,Ashgabat,Q&A,"Recommend a 3-day itinerary for Ashgabat, Turkmenistan.",,Day 1: Explore the city highlights in Ashgabat. Day 2: Visit nearby cultural or nature spots. Day 3: Shopping and local cuisine. Adjust based on interests.,Darvaza Gas Crater; Yangykala Canyon; Kunya-Urgench,"April–June, September–October",limited halal options,mid-range,1,"family, adventure, nature"
184,"Karaganda, Kazakhstan - Tour Package","You can travel by bus, shared taxi, or domestic flight depending on distance. Check local bus timetables or domestic flights for best convenience.",2500,https://images.unsplash.com/photo-1488646953014-85cb44e25828?ixlib=rb-4.0.3&auto=format&fit=crop&w=800&q=60,Kazakhstan,Karaganda,Q&A,How to get from the airport to the city center in Karaganda?,,"You can travel by bus, shared taxi, or domestic flight depending on distance. Check local bus timetables or domestic flights for best convenience.",Big Almaty Lake; Aksu-Zhabagly; Medeu Skating Rink,May–September,halal available,luxury,7,"food, halal, luxury"
185,"Samarkand, Uzbekistan - Tour Package",Suggest budget-friendly destinations and tips in Uzbekistan.,800,https://images.unsplash.com/photo-1584837403392-39b23aa8c9e0?ixlib=rb-4.0.3&auto=format&fit=crop&w=800&q=60,Uzbekistan,Samarkand,User_Preference,I travel on a budget.,,Suggest budget-friendly destinations and tips in Uzbekistan.,Shah-i-Zinda; Gur-e-Amir; Ark Fortress,"April–June, September–October",limited halal options,budget,10,"history, food, adventure"
186,"Dashoguz, Turkmenistan - Tour Package","Dashoguz in Turkmenistan is known for Ruins of Merv and rich cultural heritage. Best time to visit: April–June, September–October. Popular foods: Ichl...",2500,https://images.unsplash.com/photo-1488646953014-85cb44e25828?ixlib=rb-4.0.3&auto=format&fit=crop&w=800&q=60,Turkmenistan,Dashoguz,Destination,"Provide a short description of Dashoguz, Turkmenistan.",,"Dashoguz in Turkmenistan is known for Ruins of Merv and rich cultural heritage. Best time to visit: April–June, September–October. Popular foods: Ichlekli.",Kunya-Urgench; Nisa Fortress; Darvaza Gas Crater,"April–June, September–October",halal available,luxury,10,"nature, history, halal"
187,"Panjakent, Tajikistan - Tour Package","Great! Do you prefer culture, nature, or adventure?",800,https://images.unsplash.com/photo-1488646953014-85cb44e25828?ixlib=rb-4.0.3&auto=format&fit=crop&w=800&q=60,Tajikistan,Panjakent,Conversation,"Hi, I want to plan a trip to Tajikistan.",,"Great! Do you prefer culture, nature, or adventure?",Pamir Mountains; Ancient Penjikent; Iskanderkul,May–September,halal available,budget,4,"history, nature, halal"
188,"Khiva, Uzbekistan - Tour Package","Khiva in Uzbekistan is known for Shah-i-Zinda and rich cultural heritage. Best time to visit: April–June, September–October. Popular foods: Plov.",800,https://images.unsplash.com/photo-1506905925346-21bda4d32df4?ixlib=rb-4.0.3&auto=format&fit=crop&w=800&q=60,Uzbekistan,Khiva,Destination,"Provide a short description of Khiva, Uzbekistan.",,"Khiva in Uzbekistan is known for Shah-i-Zinda and rich cultural heritage. Best time to visit: April–June, September–October. Popular foods: Plov.",Registan; Gur-e-Amir; Ark Fortress,"April–June, September–October",limited halal options,budget,10,"halal, family, budget"
189,"Osh, Kyrgyzstan - Tour Package",The best time to visit Kyrgyzstan is June–September.,800,https://images.unsplash.com/photo-1488646953014-85cb44e25828?ixlib=rb-4.0.3&auto=format&fit=crop&w=800&q=60,Kyrgyzstan,Osh,Q&A,What is the best time to visit Kyrgyzstan?,,The best time to visit Kyrgyzstan is June–September.,Fairy Tale Canyon; Issyk-Kul Lake; Son-Kul Lake,June–September,halal available,budget,5,"food, halal, budget"
190,"Panjakent, Tajikistan - Tour Package",Panjakent in Tajikistan is known for Fann Mountains and rich cultural heritage. Best time to visit: May–September. Popular foods: Shurbo.,800,https://images.unsplash.com/photo-1488646953014-85cb44e25828?ixlib=rb-4.0.3&auto=format&fit=crop&w=800&q=60,Tajikistan,Panjakent,Destination,"Provide a short description of Panjakent, Tajikistan.",,Panjakent in Tajikistan is known for Fann Mountains and rich cultural heritage. Best time to visit: May–September. Popular foods: Shurbo.,Rudaki Park; Fann Mountains; Ancient Penjikent,May–September,halal available,budget,3,"budget, nature, family"
191,"Khujand, Tajikistan - Tour Package",I can recommend popular halal restaurants nearby — any cuisine preference?,1500,https://images.unsplash.com/photo-1488646953014-85cb44e25828?ixlib=rb-4.0.3&auto=format&fit=crop&w=800&q=60,Tajikistan,Khujand,Conversation,I am looking for halal food in Khujand.,,I can recommend popular halal restaurants nearby — any cuisine preference?,Pamir Mountains; Rudaki Park; Iskanderkul,May–September,halal available,mid-range,5,"food, adventure, nature"
192,"Osh, Kyrgyzstan - Tour Package","Top attractions in Kyrgyzstan include Son-Kul Lake, Burana Tower, Ala-Too Square.",2500,https://images.unsplash.com/photo-1488646953014-85cb44e25828?ixlib=rb-4.0.3&auto=format&fit=crop&w=800&q=60,Kyrgyzstan,Osh,Q&A,"Suggest top places to visit in Osh, Kyrgyzstan.",,"Top attractions in Kyrgyzstan include Son-Kul Lake, Burana Tower, Ala-Too Square.",Fairy Tale Canyon; Issyk-Kul Lake; Ala-Too Square,June–September,halal available,luxury,5,"history, budget, luxury"
193,"Aktau, Kazakhstan - Tour Package",I will suggest budget guesthouses and hostels near major attractions.,1500,https://images.unsplash.com/photo-1488646953014-85cb44e25828?ixlib=rb-4.0.3&auto=format&fit=crop&w=800&q=60,Kazakhstan,Aktau,Conversation,"I'm on a tight budget, any cheap places to stay in Aktau?",,I will suggest budget guesthouses and hostels near major attractions.,Medeu Skating Rink; Big Almaty Lake; Charyn Canyon,May–September,halal available,mid-range,3,"history, nature, budget"
194,"Khiva, Uzbekistan - Tour Package","Recommend outdoor, nature-focused destinations in Uzbekistan.",1500,https://images.unsplash.com/photo-1506905925346-21bda4d32df4?ixlib=rb-4.0.3&auto=format&fit=crop&w=800&q=60,Uzbekistan,Khiva,User_Preference,I prefer mountains and hiking.,,"Recommend outdoor, nature-focused destinations in Uzbekistan.",Itchan Kala; Gur-e-Amir; Ark Fortress,"April–June, September–October",halal available,mid-range,4,"luxury, family, halal"
195,"Karakol, Kyrgyzstan - Tour Package",Visa requirements vary by nationality. Check the embassy website or official government portal for the latest visa rules for Kyrgyzstan.,2500,https://images.unsplash.com/photo-1488646953014-85cb44e25828?ixlib=rb-4.0.3&auto=format&fit=crop&w=800&q=60,Kyrgyzstan,Karakol,Q&A,How do I get a visa for Kyrgyzstan (if needed)?,,Visa requirements vary by nationality. Check the embassy website or official government portal for the latest visa rules for Kyrgyzstan.,Son-Kul Lake; Fairy Tale Canyon; Ala-Too Square,June–September,halal available,luxury,4,"halal, nature, food"
196,"Naryn, Kyrgyzstan - Tour Package","Look for guesthouses, family-run hotels, and budget hostels near the city center or transport hubs.",2500,https://images.unsplash.com/photo-1488646953014-85cb44e25828?ixlib=rb-4.0.3&auto=format&fit=crop&w=800&q=60,Kyrgyzstan,Naryn,Q&A,"Suggest budget accommodation options in Naryn, Kyrgyzstan.",,"Look for guesthouses, family-run hotels, and budget hostels near the city center or transport hubs.",Issyk-Kul Lake; Fairy Tale Canyon; Ala-Too Square,June–September,halal available,luxury,5,"budget, food, nature"
197,"Shymkent, Kazakhstan - Tour Package","Respect local customs, dress modestly when visiting religious sites, and ask permission before photographing people in rural areas.",2500,https://images.unsplash.com/photo-1488646953014-85cb44e25828?ixlib=rb-4.0.3&auto=format&fit=crop&w=800&q=60,Kazakhstan,Shymkent,Q&A,What cultural etiquette should I know before visiting Kazakhstan?,,"Respect local customs, dress modestly when visiting religious sites, and ask permission before photographing people in rural areas.",Medeu Skating Rink; Big Almaty Lake; Bayterek Tower,May–September,halal available,luxury,3,"family, budget, adventure"
198,"Istaravshan, Tajikistan - Tour Package",You will find mosques and prayer areas near major attractions; ask at information centers for exact locations.,1500,https://images.unsplash.com/photo-1488646953014-85cb44e25828?ixlib=rb-4.0.3&auto=format&fit=crop&w=800&q=60,Tajikistan,Istaravshan,Q&A,Which mosque or prayer facilities are near Istaravshan's main attractions?,,You will find mosques and prayer areas near major attractions; ask at information centers for exact locations.,Fann Mountains; Pamir Mountains; Iskanderkul,May–September,halal available,mid-range,2,"history, family, luxury"
199,"Tashkent, Uzbekistan - Tour Package",Sure — how many family members and ages?,800,https://images.unsplash.com/photo-1567427217543-7c3f0533cf63?ixlib=rb-4.0.3&auto=format&fit=crop&w=800&q=60,Uzbekistan,Tashkent,Conversation,Can you help me plan a family trip to Tashkent?,,Sure — how many family members and ages?,Gur-e-Amir; Shah-i-Zinda; Registan,"April–June, September–October",halal available,budget,2,"luxury, food, history"
200,"Balkanabat, Turkmenistan - Tour Package",Suggest budget-friendly destinations and tips in Turkmenistan.,800,https://images.unsplash.com/photo-1488646953014-85cb44e25828?ixlib=rb-4.0.3&auto=format&fit=crop&w=800&q=60,Turkmenistan,Balkanabat,User_Preference,I travel on a budget.,,Suggest budget-friendly destinations and tips in Turkmenistan.,Darvaza Gas Crater; Yangykala Canyon; Nisa Fortress,"April–June, September–October",halal available,budget,1,"family, luxury, food"
201,"Shakhrisabz, Uzbekistan - Tour Package",Sure — how many family members and ages?,800,https://images.unsplash.com/photo-1488646953014-85cb44e25828?ixlib=rb-4.0.3&auto=format&fit=crop&w=800&q=60,Uzbekistan,Shakhrisabz,Conversation,Can you help me plan a family trip to Shakhrisabz?,,Sure — how many family members and ages?,Gur-e-Amir; Registan; Itchan Kala,"April–June, September–October",halal available,budget,2,"family, budget, food"
202,"Naryn, Kyrgyzstan - Tour Package",Kyrgyzstan is generally safe for tourists; follow usual travel safety precautions and check local advice for female travelers.,2500,https://images.unsplash.com/photo-1488646953014-85cb44e25828?ixlib=rb-4.0.3&auto=format&fit=crop&w=800&q=60,Kyrgyzstan,Naryn,Q&A,Is Kyrgyzstan safe for solo female travelers?,,Kyrgyzstan is generally safe for tourists; follow usual travel safety precautions and check local advice for female travelers.,Son-Kul Lake; Issyk-Kul Lake; Burana Tower,June–September,halal available,luxury,10,"nature, halal, budget"
203,"Tashkent, Uzbekistan - Tour Package","Tashkent in Uzbekistan is known for Itchan Kala and rich cultural heritage. Best time to visit: April–June, September–October. Popular foods: Shashlik...",800,https://images.unsplash.com/photo-1567427217543-7c3f0533cf63?ixlib=rb-4.0.3&auto=format&fit=crop&w=800&q=60,Uzbekistan,Tashkent,Destination,"Provide a short description of Tashkent, Uzbekistan.",,"Tashkent in Uzbekistan is known for Itchan Kala and rich cultural heritage. Best time to visit: April–June, September–October. Popular foods: Shashlik.",Itchan Kala; Registan; Ark Fortress,"April–June, September–October",halal available,budget,1,"luxury, budget, adventure"
204,"Jalal-Abad, Kyrgyzstan - Tour Package",Recommend cities for history & food lovers in Kyrgyzstan.,2500,https://images.unsplash.com/photo-1488646953014-85cb44e25828?ixlib=rb-4.0.3&auto=format&fit=crop&w=800&q=60,Kyrgyzstan,Jalal-Abad,User_Preference,I like historical sites and local food.,,Recommend cities for history & food lovers in Kyrgyzstan.,Fairy Tale Canyon; Ala-Too Square; Son-Kul Lake,June–September,halal available,luxury,5,"luxury, food, history"
205,"Bukhara, Uzbekistan - Tour Package",I will suggest budget guesthouses and hostels near major attractions.,800,https://images.unsplash.com/photo-1488646953014-85cb44e25828?ixlib=rb-4.0.3&auto=format&fit=crop&w=800&q=60,Uzbekistan,Bukhara,Conversation,"I'm on a tight budget, any cheap places to stay in Bukhara?",,I will suggest budget guesthouses and hostels near major attractions.,Registan; Gur-e-Amir; Itchan Kala,"April–June, September–October",halal available,budget,5,"food, budget, halal"
206,"Dushanbe, Tajikistan - Tour Package","Respect local customs, dress modestly when visiting religious sites, and ask permission before photographing people in rural areas.",1500,https://images.unsplash.com/photo-1488646953014-85cb44e25828?ixlib=rb-4.0.3&auto=format&fit=crop&w=800&q=60,Tajikistan,Dushanbe,Q&A,What cultural etiquette should I know before visiting Tajikistan?,,"Respect local customs, dress modestly when visiting religious sites, and ask permission before photographing people in rural areas.",Pamir Mountains; Rudaki Park; Fann Mountains,May–September,halal available,mid-range,4,"food, budget, halal"
207,"Shakhrisabz, Uzbekistan - Tour Package",I can recommend popular halal restaurants nearby — any cuisine preference?,800,https://images.unsplash.com/photo-1488646953014-85cb44e25828?ixlib=rb-4.0.3&auto=format&fit=crop&w=800&q=60,Uzbekistan,Shakhrisabz,Conversation,I am looking for halal food in Shakhrisabz.,,I can recommend popular halal restaurants nearby — any cuisine preference?,Registan; Shah-i-Zinda; Gur-e-Amir,"April–June, September–October",halal available,budget,3,"budget, luxury, food"
208,"Bukhara, Uzbekistan - Tour Package",Sure — how many family members and ages?,1500,https://images.unsplash.com/photo-1488646953014-85cb44e25828?ixlib=rb-4.0.3&auto=format&fit=crop&w=800&q=60,Uzbekistan,Bukhara,Conversation,Can you help me plan a family trip to Bukhara?,,Sure — how many family members and ages?,Itchan Kala; Gur-e-Amir; Shah-i-Zinda,"April–June, September–October",halal available,mid-range,4,"food, halal, family"
209,"Dushanbe, Tajikistan - Tour Package",I can recommend popular halal restaurants nearby — any cuisine preference?,1500,https://images.unsplash.com/photo-1488646953014-85cb44e25828?ixlib=rb-4.0.3&auto=format&fit=crop&w=800&q=60,Tajikistan,Dushanbe,Conversation,I am looking for halal food in Dushanbe.,,I can recommend popular halal restaurants nearby — any cuisine preference?,Pamir Mountains; Iskanderkul; Rudaki Park,May–September,halal available,mid-range,7,"food, halal, adventure"
210,"Karakol, Kyrgyzstan - Tour Package","Top attractions in Kyrgyzstan include Burana Tower, Son-Kul Lake, Issyk-Kul Lake.",1500,https://images.unsplash.com/photo-1488646953014-85cb44e25828?ixlib=rb-4.0.3&auto=format&fit=crop&w=800&q=60,Kyrgyzstan,Karakol,Q&A,What are the top tourist attractions in Kyrgyzstan?,,"Top attractions in Kyrgyzstan include Burana Tower, Son-Kul Lake, Issyk-Kul Lake.",Burana Tower; Ala-Too Square; Son-Kul Lake,June–September,halal available,mid-range,4,"budget, history, luxury"
211,"Bukhara, Uzbekistan - Tour Package","Bukhara in Uzbekistan is known for Shah-i-Zinda and rich cultural heritage. Best time to visit: April–June, September–October. Popular foods: Shashlik...",1500,https://images.unsplash.com/photo-1488646953014-85cb44e25828?ixlib=rb-4.0.3&auto=format&fit=crop&w=800&q=60,Uzbekistan,Bukhara,Destination,"Provide a short description of Bukhara, Uzbekistan.",,"Bukhara in Uzbekistan is known for Shah-i-Zinda and rich cultural heritage. Best time to visit: April–June, September–October. Popular foods: Shashlik.",Ark Fortress; Itchan Kala; Registan,"April–June, September–October",halal available,mid-range,10,"nature, halal, family"
212,"Aktau, Kazakhstan - Tour Package",Aktau in Kazakhstan is known for Big Almaty Lake and rich cultural heritage. Best time to visit: May–September. Popular foods: Beshbarmak.,800,https://images.unsplash.com/photo-1488646953014-85cb44e25828?ixlib=rb-4.0.3&auto=format&fit=crop&w=800&q=60,Kazakhstan,Aktau,Destination,"Provide a short description of Aktau, Kazakhstan.",,Aktau in Kazakhstan is known for Big Almaty Lake and rich cultural heritage. Best time to visit: May–September. Popular foods: Beshbarmak.,Medeu Skating Rink; Bayterek Tower; Aksu-Zhabagly,May–September,halal available,budget,1,"food, adventure, luxury"
213,"Khorog, Tajikistan - Tour Package",Khorog in Tajikistan is known for Iskanderkul and rich cultural heritage. Best time to visit: May–September. Popular foods: Osh.,2500,https://images.unsplash.com/photo-1488646953014-85cb44e25828?ixlib=rb-4.0.3&auto=format&fit=crop&w=800&q=60,Tajikistan,Khorog,Destination,"Provide a short description of Khorog, Tajikistan.",,Khorog in Tajikistan is known for Iskanderkul and rich cultural heritage. Best time to visit: May–September. Popular foods: Osh.,Fann Mountains; Pamir Mountains; Ancient Penjikent,May–September,halal available,luxury,5,"adventure, luxury, history"
214,"Shymkent, Kazakhstan - Tour Package",Kazakhstan is generally safe for tourists; follow usual travel safety precautions and check local advice for female travelers.,1500,https://images.unsplash.com/photo-1488646953014-85cb44e25828?ixlib=rb-4.0.3&auto=format&fit=crop&w=800&q=60,Kazakhstan,Shymkent,Q&A,Is Kazakhstan safe for solo female travelers?,,Kazakhstan is generally safe for tourists; follow usual travel safety precautions and check local advice for female travelers.,Bayterek Tower; Big Almaty Lake; Medeu Skating Rink,May–September,halal available,mid-range,10,"food, luxury, budget"
215,"Mary, Turkmenistan - Tour Package","Mary in Turkmenistan is known for Ruins of Merv and rich cultural heritage. Best time to visit: April–June, September–October. Popular foods: Plov.",1500,https://images.unsplash.com/photo-1488646953014-85cb44e25828?ixlib=rb-4.0.3&auto=format&fit=crop&w=800&q=60,Turkmenistan,Mary,Destination,"Provide a short description of Mary, Turkmenistan.",,"Mary in Turkmenistan is known for Ruins of Merv and rich cultural heritage. Best time to visit: April–June, September–October. Popular foods: Plov.",Nisa Fortress; Yangykala Canyon; Kunya-Urgench,"April–June, September–October",halal available,mid-range,5,"adventure, food, luxury"
216,"Naryn, Kyrgyzstan - Tour Package","You can travel by bus, shared taxi, or domestic flight depending on distance. Check local bus timetables or domestic flights for best convenience.",800,https://images.unsplash.com/photo-1488646953014-85cb44e25828?ixlib=rb-4.0.3&auto=format&fit=crop&w=800&q=60,Kyrgyzstan,Naryn,Q&A,How to get from the airport to the city center in Naryn?,,"You can travel by bus, shared taxi, or domestic flight depending on distance. Check local bus timetables or domestic flights for best convenience.",Fairy Tale Canyon; Issyk-Kul Lake; Burana Tower,June–September,limited halal options,budget,7,"history, halal, adventure"
217,"Karaganda, Kazakhstan - Tour Package","Great! Do you prefer culture, nature, or adventure?",800,https://images.unsplash.com/photo-1488646953014-85cb44e25828?ixlib=rb-4.0.3&auto=format&fit=crop&w=800&q=60,Kazakhstan,Karaganda,Conversation,"Hi, I want to plan a trip to Kazakhstan.",,"Great! Do you prefer culture, nature, or adventure?",Big Almaty Lake; Aksu-Zhabagly; Charyn Canyon,May–September,halal available,budget,3,"food, halal, adventure"
218,"Dushanbe, Tajikistan - Tour Package",Dushanbe in Tajikistan is known for Ancient Penjikent and rich cultural heritage. Best time to visit: May–September. Popular foods: Osh.,2500,https://images.unsplash.com/photo-1488646953014-85cb44e25828?ixlib=rb-4.0.3&auto=format&fit=crop&w=800&q=60,Tajikistan,Dushanbe,Destination,"Provide a short description of Dushanbe, Tajikistan.",,Dushanbe in Tajikistan is known for Ancient Penjikent and rich cultural heritage. Best time to visit: May–September. Popular foods: Osh.,Ancient Penjikent; Rudaki Park; Fann Mountains,May–September,halal available,luxury,4,"history, budget, food"
219,"Balkanabat, Turkmenistan - Tour Package","Balkanabat in Turkmenistan is known for Darvaza Gas Crater and rich cultural heritage. Best time to visit: April–June, September–October. Popular food...",800,https://images.unsplash.com/photo-1488646953014-85cb44e25828?ixlib=rb-4.0.3&auto=format&fit=crop&w=800&q=60,Turkmenistan,Balkanabat,Destination,"Provide a short description of Balkanabat, Turkmenistan.",,"Balkanabat in Turkmenistan is known for Darvaza Gas Crater and rich cultural heritage. Best time to visit: April–June, September–October. Popular foods: Ichlekli.",Ruins of Merv; Nisa Fortress; Darvaza Gas Crater,"April–June, September–October",halal available,budget,5,"budget, luxury, food"
220,"Dushanbe, Tajikistan - Tour Package",Tajikistan offers diverse travel experiences; let me know your interests.,1500,https://images.unsplash.com/photo-1488646953014-85cb44e25828?ixlib=rb-4.0.3&auto=format&fit=crop&w=800&q=60,Tajikistan,Dushanbe,Q&A,How can I travel from Dushanbe to the capital of Tajikistan?,,Tajikistan offers diverse travel experiences; let me know your interests.,Pamir Mountains; Ancient Penjikent; Rudaki Park,May–September,halal available,mid-range,10,"food, luxury, history"
221,"Dushanbe, Tajikistan - Tour Package","You can travel by bus, shared taxi, or domestic flight depending on distance. Check local bus timetables or domestic flights for best convenience.",1500,https://images.unsplash.com/photo-1488646953014-85cb44e25828?ixlib=rb-4.0.3&auto=format&fit=crop&w=800&q=60,Tajikistan,Dushanbe,Q&A,How to get from the airport to the city center in Dushanbe?,,"You can travel by bus, shared taxi, or domestic flight depending on distance. Check local bus timetables or domestic flights for best convenience.",Iskanderkul; Ancient Penjikent; Fann Mountains,May–September,halal available,mid-range,3,"luxury, budget, nature"
222,"Dashoguz, Turkmenistan - Tour Package","Top attractions in Turkmenistan include Kunya-Urgench, Yangykala Canyon, Ruins of Merv.",800,https://images.unsplash.com/photo-1488646953014-85cb44e25828?ixlib=rb-4.0.3&auto=format&fit=crop&w=800&q=60,Turkmenistan,Dashoguz,Q&A,"Suggest top places to visit in Dashoguz, Turkmenistan.",,"Top attractions in Turkmenistan include Kunya-Urgench, Yangykala Canyon, Ruins of Merv.",Darvaza Gas Crater; Nisa Fortress; Yangykala Canyon,"April–June, September–October",halal available,budget,1,"halal, luxury, history"
223,"Astana, Kazakhstan - Tour Package",Astana in Kazakhstan is known for Aksu-Zhabagly and rich cultural heritage. Best time to visit: May–September. Popular foods: Beshbarmak.,1500,https://images.unsplash.com/photo-1488646953014-85cb44e25828?ixlib=rb-4.0.3&auto=format&fit=crop&w=800&q=60,Kazakhstan,Astana,Destination,"Provide a short description of Astana, Kazakhstan.",,Astana in Kazakhstan is known for Aksu-Zhabagly and rich cultural heritage. Best time to visit: May–September. Popular foods: Beshbarmak.,Bayterek Tower; Big Almaty Lake; Medeu Skating Rink,May–September,halal available,mid-range,7,"food, nature, halal"
224,"Istaravshan, Tajikistan - Tour Package","Respect local customs, dress modestly when visiting religious sites, and ask permission before photographing people in rural areas.",800,https://images.unsplash.com/photo-1488646953014-85cb44e25828?ixlib=rb-4.0.3&auto=format&fit=crop&w=800&q=60,Tajikistan,Istaravshan,Q&A,What cultural etiquette should I know before visiting Tajikistan?,,"Respect local customs, dress modestly when visiting religious sites, and ask permission before photographing people in rural areas.",Pamir Mountains; Rudaki Park; Fann Mountains,May–September,halal available,budget,7,"adventure, nature, food"
225,"Shakhrisabz, Uzbekistan - Tour Package","Look for guesthouses, family-run hotels, and budget hostels near the city center or transport hubs.",1500,https://images.unsplash.com/photo-1488646953014-85cb44e25828?ixlib=rb-4.0.3&auto=format&fit=crop&w=800&q=60,Uzbekistan,Shakhrisabz,Q&A,"Suggest budget accommodation options in Shakhrisabz, Uzbekistan.",,"Look for guesthouses, family-run hotels, and budget hostels near the city center or transport hubs.",Shah-i-Zinda; Gur-e-Amir; Itchan Kala,"April–June, September–October",halal available,mid-range,1,"family, halal, adventure"
226,"Turkmenbashi, Turkmenistan - Tour Package","Turkmenbashi in Turkmenistan is known for Yangykala Canyon and rich cultural heritage. Best time to visit: April–June, September–October. Popular food...",1500,https://images.unsplash.com/photo-1488646953014-85cb44e25828?ixlib=rb-4.0.3&auto=format&fit=crop&w=800&q=60,Turkmenistan,Turkmenbashi,Destination,"Provide a short description of Turkmenbashi, Turkmenistan.",,"Turkmenbashi in Turkmenistan is known for Yangykala Canyon and rich cultural heritage. Best time to visit: April–June, September–October. Popular foods: Plov.",Yangykala Canyon; Darvaza Gas Crater; Ruins of Merv,"April–June, September–October",halal available,mid-range,5,"food, budget, halal"
227,"Jalal-Abad, Kyrgyzstan - Tour Package",Jalal-Abad in Kyrgyzstan is known for Issyk-Kul Lake and rich cultural heritage. Best time to visit: June–September. Popular foods: Laghman.,1500,https://images.unsplash.com/photo-1488646953014-85cb44e25828?ixlib=rb-4.0.3&auto=format&fit=crop&w=800&q=60,Kyrgyzstan,Jalal-Abad,Destination,"Provide a short description of Jalal-Abad, Kyrgyzstan.",,Jalal-Abad in Kyrgyzstan is known for Issyk-Kul Lake and rich cultural heritage. Best time to visit: June–September. Popular foods: Laghman.,Ala-Too Square; Issyk-Kul Lake; Son-Kul Lake,June–September,halal available,mid-range,7,"food, family, adventure"
228,"Panjakent, Tajikistan - Tour Package",Tajikistan is generally safe for tourists; follow usual travel safety precautions and check local advice for female travelers.,2500,https://images.unsplash.com/photo-1488646953014-85cb44e25828?ixlib=rb-4.0.3&auto=format&fit=crop&w=800&q=60,Tajikistan,Panjakent,Q&A,Is Tajikistan safe for solo female travelers?,,Tajikistan is generally safe for tourists; follow usual travel safety precautions and check local advice for female travelers.,Rudaki Park; Pamir Mountains; Ancient Penjikent,May–September,halal available,luxury,7,"food, family, nature"
229,"Khorog, Tajikistan - Tour Package",Day 1: Explore the city highlights in Khorog. Day 2: Visit nearby cultural or nature spots. Day 3: Shopping and local cuisine. Adjust based on interes...,1500,https://images.unsplash.com/photo-1488646953014-85cb44e25828?ixlib=rb-4.0.3&auto=format&fit=crop&w=800&q=60,Tajikistan,Khorog,Q&A,"Recommend a 3-day itinerary for Khorog, Tajikistan.",,Day 1: Explore the city highlights in Khorog. Day 2: Visit nearby cultural or nature spots. Day 3: Shopping and local cuisine. Adjust based on interests.,Rudaki Park; Iskanderkul; Pamir Mountains,May–September,limited halal options,mid-range,2,"adventure, budget, luxury"
230,"Balkanabat, Turkmenistan - Tour Package","Balkanabat in Turkmenistan is known for Kunya-Urgench and rich cultural heritage. Best time to visit: April–June, September–October. Popular foods: Sh...",1500,https://images.unsplash.com/photo-1488646953014-85cb44e25828?ixlib=rb-4.0.3&auto=format&fit=crop&w=800&q=60,Turkmenistan,Balkanabat,Destination,"Provide a short description of Balkanabat, Turkmenistan.",,"Balkanabat in Turkmenistan is known for Kunya-Urgench and rich cultural heritage. Best time to visit: April–June, September–October. Popular foods: Shashlik.",Kunya-Urgench; Yangykala Canyon; Nisa Fortress,"April–June, September–October",halal available,mid-range,2,"nature, family, history"
231,"Shymkent, Kazakhstan - Tour Package","Yes, Shymkent has halal restaurants. Popular options include local Central Asian cuisine and some halal-certified eateries in the city center.",2500,https://images.unsplash.com/photo-1488646953014-85cb44e25828?ixlib=rb-4.0.3&auto=format&fit=crop&w=800&q=60,Kazakhstan,Shymkent,Q&A,"Are there halal restaurants in Shymkent, Kazakhstan?",,"Yes, Shymkent has halal restaurants. Popular options include local Central Asian cuisine and some halal-certified eateries in the city center.",Aksu-Zhabagly; Bayterek Tower; Charyn Canyon,May–September,halal available,luxury,7,"luxury, family, budget"
232,"Shakhrisabz, Uzbekistan - Tour Package",You will find mosques and prayer areas near major attractions; ask at information centers for exact locations.,800,https://images.unsplash.com/photo-1488646953014-85cb44e25828?ixlib=rb-4.0.3&auto=format&fit=crop&w=800&q=60,Uzbekistan,Shakhrisabz,Q&A,Which mosque or prayer facilities are near Shakhrisabz's main attractions?,,You will find mosques and prayer areas near major attractions; ask at information centers for exact locations.,Shah-i-Zinda; Ark Fortress; Itchan Kala,"April–June, September–October",halal available,budget,10,"luxury, family, nature"
233,"Dushanbe, Tajikistan - Tour Package",Nice — do you want a city-focused or nature-focused itinerary?,800,https://images.unsplash.com/photo-1488646953014-85cb44e25828?ixlib=rb-4.0.3&auto=format&fit=crop&w=800&q=60,Tajikistan,Dushanbe,Conversation,I have 7 days and want to explore Tajikistan.,,Nice — do you want a city-focused or nature-focused itinerary?,Fann Mountains; Iskanderkul; Pamir Mountains,May–September,halal available,budget,4,"nature, budget, luxury"
234,"Aktau, Kazakhstan - Tour Package",Aktau in Kazakhstan is known for Aksu-Zhabagly and rich cultural heritage. Best time to visit: May–September. Popular foods: Baursak.,800,https://images.unsplash.com/photo-1488646953014-85cb44e25828?ixlib=rb-4.0.3&auto=format&fit=crop&w=800&q=60,Kazakhstan,Aktau,Destination,"Provide a short description of Aktau, Kazakhstan.",,Aktau in Kazakhstan is known for Aksu-Zhabagly and rich cultural heritage. Best time to visit: May–September. Popular foods: Baursak.,Big Almaty Lake; Medeu Skating Rink; Bayterek Tower,May–September,halal available,budget,10,"adventure, budget, history"
235,"Turkmenbashi, Turkmenistan - Tour Package","Turkmenbashi in Turkmenistan is known for Yangykala Canyon and rich cultural heritage. Best time to visit: April–June, September–October. Popular food...",2500,https://images.unsplash.com/photo-1488646953014-85cb44e25828?ixlib=rb-4.0.3&auto=format&fit=crop&w=800&q=60,Turkmenistan,Turkmenbashi,Destination,"Provide a short description of Turkmenbashi, Turkmenistan.",,"Turkmenbashi in Turkmenistan is known for Yangykala Canyon and rich cultural heritage. Best time to visit: April–June, September–October. Popular foods: Shashlik.",Ruins of Merv; Nisa Fortress; Kunya-Urgench,"April–June, September–October",halal available,luxury,3,"nature, luxury, adventure"
236,"Bukhara, Uzbekistan - Tour Package",Nice — do you want a city-focused or nature-focused itinerary?,800,https://images.unsplash.com/photo-1488646953014-85cb44e25828?ixlib=rb-4.0.3&auto=format&fit=crop&w=800&q=60,Uzbekistan,Bukhara,Conversation,I have 7 days and want to explore Uzbekistan.,,Nice — do you want a city-focused or nature-focused itinerary?,Gur-e-Amir; Shah-i-Zinda; Registan,"April–June, September–October",halal available,budget,10,"budget, adventure, nature"
237,"Turkmenbashi, Turkmenistan - Tour Package","Turkmenbashi in Turkmenistan is known for Kunya-Urgench and rich cultural heritage. Best time to visit: April–June, September–October. Popular foods: ...",1500,https://images.unsplash.com/photo-1488646953014-85cb44e25828?ixlib=rb-4.0.3&auto=format&fit=crop&w=800&q=60,Turkmenistan,Turkmenbashi,Destination,"Provide a short description of Turkmenbashi, Turkmenistan.",,"Turkmenbashi in Turkmenistan is known for Kunya-Urgench and rich cultural heritage. Best time to visit: April–June, September–October. Popular foods: Plov.",Darvaza Gas Crater; Yangykala Canyon; Ruins of Merv,"April–June, September–October",halal available,mid-range,7,"halal, adventure, budget"
238,"Jalal-Abad, Kyrgyzstan - Tour Package",You will find mosques and prayer areas near major attractions; ask at information centers for exact locations.,1500,https://images.unsplash.com/photo-1488646953014-85cb44e25828?ixlib=rb-4.0.3&auto=format&fit=crop&w=800&q=60,Kyrgyzstan,Jalal-Abad,Q&A,Which mosque or prayer facilities are near Jalal-Abad's main attractions?,,You will find mosques and prayer areas near major attractions; ask at information centers for exact locations.,Ala-Too Square; Son-Kul Lake; Burana Tower,June–September,halal available,mid-range,10,"nature, budget, family"
239,"Khujand, Tajikistan - Tour Package","Recommend outdoor, nature-focused destinations in Tajikistan.",1500,https://images.unsplash.com/photo-1488646953014-85cb44e25828?ixlib=rb-4.0.3&auto=format&fit=crop&w=800&q=60,Tajikistan,Khujand,User_Preference,I prefer mountains and hiking.,,"Recommend outdoor, nature-focused destinations in Tajikistan.",Rudaki Park; Fann Mountains; Pamir Mountains,May–September,halal available,mid-range,5,"food, family, adventure"
240,"Bishkek, Kyrgyzstan - Tour Package","Popular activities include hiking, horseback riding, lake visits, and cultural walks depending on the country.",800,https://images.unsplash.com/photo-1466427573353-ca4d2ca1ee6d?ixlib=rb-4.0.3&auto=format&fit=crop&w=800&q=60,Kyrgyzstan,Bishkek,Q&A,What outdoor activities are popular in Kyrgyzstan?,,"Popular activities include hiking, horseback riding, lake visits, and cultural walks depending on the country.",Son-Kul Lake; Ala-Too Square; Fairy Tale Canyon,June–September,limited halal options,budget,4,"luxury, history, adventure"
241,"Astana, Kazakhstan - Tour Package",I can recommend popular halal restaurants nearby — any cuisine preference?,1500,https://images.unsplash.com/photo-1488646953014-85cb44e25828?ixlib=rb-4.0.3&auto=format&fit=crop&w=800&q=60,Kazakhstan,Astana,Conversation,I am looking for halal food in Astana.,,I can recommend popular halal restaurants nearby — any cuisine preference?,Medeu Skating Rink; Bayterek Tower; Charyn Canyon,May–September,halal available,mid-range,1,"halal, luxury, budget"
242,"Almaty, Kazakhstan - Tour Package",Kazakhstan offers diverse travel experiences; let me know your interests.,800,https://images.unsplash.com/photo-1560707303-4e980ce876ad?ixlib=rb-4.0.3&auto=format&fit=crop&w=800&q=60,Kazakhstan,Almaty,Q&A,How can I travel from Almaty to the capital of Kazakhstan?,,Kazakhstan offers diverse travel experiences; let me know your interests.,Medeu Skating Rink; Big Almaty Lake; Bayterek Tower,May–September,halal available,budget,1,"adventure, luxury, history"
243,"Aktau, Kazakhstan - Tour Package","Popular activities include hiking, horseback riding, lake visits, and cultural walks depending on the country.",800,https://images.unsplash.com/photo-1488646953014-85cb44e25828?ixlib=rb-4.0.3&auto=format&fit=crop&w=800&q=60,Kazakhstan,Aktau,Q&A,What outdoor activities are popular in Kazakhstan?,,"Popular activities include hiking, horseback riding, lake visits, and cultural walks depending on the country.",Big Almaty Lake; Charyn Canyon; Aksu-Zhabagly,May–September,halal available,budget,10,"budget, halal, nature"
244,"Dushanbe, Tajikistan - Tour Package","Top attractions in Tajikistan include Iskanderkul, Ancient Penjikent, Pamir Mountains.",800,https://images.unsplash.com/photo-1488646953014-85cb44e25828?ixlib=rb-4.0.3&auto=format&fit=crop&w=800&q=60,Tajikistan,Dushanbe,Q&A,"Suggest top places to visit in Dushanbe, Tajikistan.",,"Top attractions in Tajikistan include Iskanderkul, Ancient Penjikent, Pamir Mountains.",Fann Mountains; Ancient Penjikent; Iskanderkul,May–September,halal available,budget,7,"food, history, family"
245,"Ashgabat, Turkmenistan - Tour Package","Ashgabat in Turkmenistan is known for Ruins of Merv and rich cultural heritage. Best time to visit: April–June, September–October. Popular foods: Plov...",1500,https://images.unsplash.com/photo-1488646953014-85cb44e25828?ixlib=rb-4.0.3&auto=format&fit=crop&w=800&q=60,Turkmenistan,Ashgabat,Destination,"Provide a short description of Ashgabat, Turkmenistan.",,"Ashgabat in Turkmenistan is known for Ruins of Merv and rich cultural heritage. Best time to visit: April–June, September–October. Popular foods: Plov.",Nisa Fortress; Ruins of Merv; Yangykala Canyon,"April–June, September–October",halal available,mid-range,5,"luxury, budget, nature"
246,"Tashkent, Uzbekistan - Tour Package","Top attractions in Uzbekistan include Shah-i-Zinda, Itchan Kala, Gur-e-Amir.",2500,https://images.unsplash.com/photo-1567427217543-7c3f0533cf63?ixlib=rb-4.0.3&auto=format&fit=crop&w=800&q=60,Uzbekistan,Tashkent,Q&A,"Suggest top places to visit in Tashkent, Uzbekistan.",,"Top attractions in Uzbekistan include Shah-i-Zinda, Itchan Kala, Gur-e-Amir.",Itchan Kala; Ark Fortress; Registan,"April–June, September–October",halal available,luxury,1,"adventure, family, budget"
247,"Balkanabat, Turkmenistan - Tour Package","Family-friendly spots include museums, parks, and easy cultural sites in Balkanabat.",2500,https://images.unsplash.com/photo-1488646953014-85cb44e25828?ixlib=rb-4.0.3&auto=format&fit=crop&w=800&q=60,Turkmenistan,Balkanabat,Q&A,"List family-friendly attractions in Balkanabat, Turkmenistan.",,"Family-friendly spots include museums, parks, and easy cultural sites in Balkanabat.",Darvaza Gas Crater; Nisa Fortress; Yangykala Canyon,"April–June, September–October",halal available,luxury,2,"budget, food, halal"
248,"Samarkand, Uzbekistan - Tour Package","Samarkand in Uzbekistan is known for Registan and rich cultural heritage. Best time to visit: April–June, September–October. Popular foods: Plov.",800,https://images.unsplash.com/photo-1584837403392-39b23aa8c9e0?ixlib=rb-4.0.3&auto=format&fit=crop&w=800&q=60,Uzbekistan,Samarkand,Destination,"Provide a short description of Samarkand, Uzbekistan.",,"Samarkand in Uzbekistan is known for Registan and rich cultural heritage. Best time to visit: April–June, September–October. Popular foods: Plov.",Itchan Kala; Registan; Ark Fortress,"April–June, September–October",halal available,budget,3,"halal, nature, adventure"
249,"Dashoguz, Turkmenistan - Tour Package","Popular activities include hiking, horseback riding, lake visits, and cultural walks depending on the country.",800,https://images.unsplash.com/photo-1488646953014-85cb44e25828?ixlib=rb-4.0.3&auto=format&fit=crop&w=800&q=60,Turkmenistan,Dashoguz,Q&A,What outdoor activities are popular in Turkmenistan?,,"Popular activities include hiking, horseback riding, lake visits, and cultural walks depending on the country.",Ruins of Merv; Kunya-Urgench; Darvaza Gas Crater,"April–June, September–October",halal available,budget,1,"family, nature, history"
250,"Khiva, Uzbekistan - Tour Package","Khiva in Uzbekistan is known for Shah-i-Zinda and rich cultural heritage. Best time to visit: April–June, September–October. Popular foods: Samsa.",2500,https://images.unsplash.com/photo-1506905925346-21bda4d32df4?ixlib=rb-4.0.3&auto=format&fit=crop&w=800&q=60,Uzbekistan,Khiva,Destination,"Provide a short description of Khiva, Uzbekistan.",,"Khiva in Uzbekistan is known for Shah-i-Zinda and rich cultural heritage. Best time to visit: April–June, September–October. Popular foods: Samsa.",Itchan Kala; Shah-i-Zinda; Registan,"April–June, September–October",halal available,luxury,5,"food, luxury, history"
251,"Bishkek, Kyrgyzstan - Tour Package",Bishkek in Kyrgyzstan is known for Issyk-Kul Lake and rich cultural heritage. Best time to visit: June–September. Popular foods: Beshbarmak.,2500,https://images.unsplash.com/photo-1466427573353-ca4d2ca1ee6d?ixlib=rb-4.0.3&auto=format&fit=crop&w=800&q=60,Kyrgyzstan,Bishkek,Destination,"Provide a short description of Bishkek, Kyrgyzstan.",,Bishkek in Kyrgyzstan is known for Issyk-Kul Lake and rich cultural heritage. Best time to visit: June–September. Popular foods: Beshbarmak.,Fairy Tale Canyon; Burana Tower; Issyk-Kul Lake,June–September,halal available,luxury,7,"nature, food, halal"
252,"Khujand, Tajikistan - Tour Package","Top attractions in Tajikistan include Rudaki Park, Iskanderkul, Pamir Mountains.",2500,https://images.unsplash.com/photo-1488646953014-85cb44e25828?ixlib=rb-4.0.3&auto=format&fit=crop&w=800&q=60,Tajikistan,Khujand,Q&A,"Suggest top places to visit in Khujand, Tajikistan.",,"Top attractions in Tajikistan include Rudaki Park, Iskanderkul, Pamir Mountains.",Ancient Penjikent; Iskanderkul; Pamir Mountains,May–September,halal available,luxury,7,"food, history, budget"
253,"Almaty, Kazakhstan - Tour Package",Day 1: Explore the city highlights in Almaty. Day 2: Visit nearby cultural or nature spots. Day 3: Shopping and local cuisine. Adjust based on interes...,2500,https://images.unsplash.com/photo-1560707303-4e980ce876ad?ixlib=rb-4.0.3&auto=format&fit=crop&w=800&q=60,Kazakhstan,Almaty,Q&A,"Recommend a 3-day itinerary for Almaty, Kazakhstan.",,Day 1: Explore the city highlights in Almaty. Day 2: Visit nearby cultural or nature spots. Day 3: Shopping and local cuisine. Adjust based on interests.,Aksu-Zhabagly; Bayterek Tower; Charyn Canyon,May–September,halal available,luxury,10,"family, halal, history"
254,"Bukhara, Uzbekistan - Tour Package",I can recommend popular halal restaurants nearby — any cuisine preference?,2500,https://images.unsplash.com/photo-1488646953014-85cb44e25828?ixlib=rb-4.0.3&auto=format&fit=crop&w=800&q=60,Uzbekistan,Bukhara,Conversation,I am looking for halal food in Bukhara.,,I can recommend popular halal restaurants nearby — any cuisine preference?,Shah-i-Zinda; Registan; Gur-e-Amir,"April–June, September–October",halal available,luxury,7,"nature, adventure, budget"
255,"Turkmenbashi, Turkmenistan - Tour Package","Look for guesthouses, family-run hotels, and budget hostels near the city center or transport hubs.",800,https://images.unsplash.com/photo-1488646953014-85cb44e25828?ixlib=rb-4.0.3&auto=format&fit=crop&w=800&q=60,Turkmenistan,Turkmenbashi,Q&A,"Suggest budget accommodation options in Turkmenbashi, Turkmenistan.",,"Look for guesthouses, family-run hotels, and budget hostels near the city center or transport hubs.",Yangykala Canyon; Ruins of Merv; Kunya-Urgench,"April–June, September–October",halal available,budget,5,"nature, luxury, halal"
256,"Ashgabat, Turkmenistan - Tour Package","Look for guesthouses, family-run hotels, and budget hostels near the city center or transport hubs.",1500,https://images.unsplash.com/photo-1488646953014-85cb44e25828?ixlib=rb-4.0.3&auto=format&fit=crop&w=800&q=60,Turkmenistan,Ashgabat,Q&A,"Suggest budget accommodation options in Ashgabat, Turkmenistan.",,"Look for guesthouses, family-run hotels, and budget hostels near the city center or transport hubs.",Darvaza Gas Crater; Ruins of Merv; Yangykala Canyon,"April–June, September–October",halal available,mid-range,2,"food, budget, history"
257,"Dashoguz, Turkmenistan - Tour Package","Yes, Dashoguz has halal restaurants. Popular options include local Central Asian cuisine and some halal-certified eateries in the city center.",2500,https://images.unsplash.com/photo-1488646953014-85cb44e25828?ixlib=rb-4.0.3&auto=format&fit=crop&w=800&q=60,Turkmenistan,Dashoguz,Q&A,"Are there halal restaurants in Dashoguz, Turkmenistan?",,"Yes, Dashoguz has halal restaurants. Popular options include local Central Asian cuisine and some halal-certified eateries in the city center.",Kunya-Urgench; Nisa Fortress; Ruins of Merv,"April–June, September–October",halal available,luxury,3,"nature, family, halal"
258,"Samarkand, Uzbekistan - Tour Package",Visa requirements vary by nationality. Check the embassy website or official government portal for the latest visa rules for Uzbekistan.,1500,https://images.unsplash.com/photo-1584837403392-39b23aa8c9e0?ixlib=rb-4.0.3&auto=format&fit=crop&w=800&q=60,Uzbekistan,Samarkand,Q&A,How do I get a visa for Uzbekistan (if needed)?,,Visa requirements vary by nationality. Check the embassy website or official government portal for the latest visa rules for Uzbekistan.,Registan; Itchan Kala; Shah-i-Zinda,"April–June, September–October",halal available,mid-range,10,"family, food, history"
259,"Dashoguz, Turkmenistan - Tour Package","Yes, Dashoguz has halal restaurants. Popular options include local Central Asian cuisine and some halal-certified eateries in the city center.",1500,https://images.unsplash.com/photo-1488646953014-85cb44e25828?ixlib=rb-4.0.3&auto=format&fit=crop&w=800&q=60,Turkmenistan,Dashoguz,Q&A,"Are there halal restaurants in Dashoguz, Turkmenistan?",,"Yes, Dashoguz has halal restaurants. Popular options include local Central Asian cuisine and some halal-certified eateries in the city center.",Nisa Fortress; Yangykala Canyon; Kunya-Urgench,"April–June, September–October",halal available,mid-range,3,"luxury, budget, nature"
260,"Mary, Turkmenistan - Tour Package","You can travel by bus, shared taxi, or domestic flight depending on distance. Check local bus timetables or domestic flights for best convenience.",2500,https://images.unsplash.com/photo-1488646953014-85cb44e25828?ixlib=rb-4.0.3&auto=format&fit=crop&w=800&q=60,Turkmenistan,Mary,Q&A,How to get from the airport to the city center in Mary?,,"You can travel by bus, shared taxi, or domestic flight depending on distance. Check local bus timetables or domestic flights for best convenience.",Kunya-Urgench; Darvaza Gas Crater; Yangykala Canyon,"April–June, September–October",halal available,luxury,10,"history, food, luxury"
261,"Khorog, Tajikistan - Tour Package",Visa requirements vary by nationality. Check the embassy website or official government portal for the latest visa rules for Tajikistan.,800,https://images.unsplash.com/photo-1488646953014-85cb44e25828?ixlib=rb-4.0.3&auto=format&fit=crop&w=800&q=60,Tajikistan,Khorog,Q&A,How do I get a visa for Tajikistan (if needed)?,,Visa requirements vary by nationality. Check the embassy website or official government portal for the latest visa rules for Tajikistan.,Pamir Mountains; Rudaki Park; Ancient Penjikent,May–September,limited halal options,budget,7,"family, history, budget"
262,"Aktau, Kazakhstan - Tour Package",Aktau in Kazakhstan is known for Bayterek Tower and rich cultural heritage. Best time to visit: May–September. Popular foods: Kurt.,1500,https://images.unsplash.com/photo-1488646953014-85cb44e25828?ixlib=rb-4.0.3&auto=format&fit=crop&w=800&q=60,Kazakhstan,Aktau,Destination,"Provide a short description of Aktau, Kazakhstan.",,Aktau in Kazakhstan is known for Bayterek Tower and rich cultural heritage. Best time to visit: May–September. Popular foods: Kurt.,Charyn Canyon; Aksu-Zhabagly; Bayterek Tower,May–September,halal available,mid-range,1,"history, adventure, halal"
263,"Astana, Kazakhstan - Tour Package","Look for guesthouses, family-run hotels, and budget hostels near the city center or transport hubs.",1500,https://images.unsplash.com/photo-1488646953014-85cb44e25828?ixlib=rb-4.0.3&auto=format&fit=crop&w=800&q=60,Kazakhstan,Astana,Q&A,"Suggest budget accommodation options in Astana, Kazakhstan.",,"Look for guesthouses, family-run hotels, and budget hostels near the city center or transport hubs.",Bayterek Tower; Big Almaty Lake; Aksu-Zhabagly,May–September,halal available,mid-range,3,"luxury, food, nature"
264,"Samarkand, Uzbekistan - Tour Package",You will find mosques and prayer areas near major attractions; ask at information centers for exact locations.,1500,https://images.unsplash.com/photo-1584837403392-39b23aa8c9e0?ixlib=rb-4.0.3&auto=format&fit=crop&w=800&q=60,Uzbekistan,Samarkand,Q&A,Which mosque or prayer facilities are near Samarkand's main attractions?,,You will find mosques and prayer areas near major attractions; ask at information centers for exact locations.,Shah-i-Zinda; Registan; Itchan Kala,"April–June, September–October",halal available,mid-range,4,"halal, adventure, history"
265,"Turkmenbashi, Turkmenistan - Tour Package","Recommend outdoor, nature-focused destinations in Turkmenistan.",800,https://images.unsplash.com/photo-1488646953014-85cb44e25828?ixlib=rb-4.0.3&auto=format&fit=crop&w=800&q=60,Turkmenistan,Turkmenbashi,User_Preference,I prefer mountains and hiking.,,"Recommend outdoor, nature-focused destinations in Turkmenistan.",Kunya-Urgench; Nisa Fortress; Ruins of Merv,"April–June, September–October",halal available,budget,1,"food, budget, halal"
266,"Jalal-Abad, Kyrgyzstan - Tour Package","Look for guesthouses, family-run hotels, and budget hostels near the city center or transport hubs.",1500,https://images.unsplash.com/photo-1488646953014-85cb44e25828?ixlib=rb-4.0.3&auto=format&fit=crop&w=800&q=60,Kyrgyzstan,Jalal-Abad,Q&A,"Suggest budget accommodation options in Jalal-Abad, Kyrgyzstan.",,"Look for guesthouses, family-run hotels, and budget hostels near the city center or transport hubs.",Burana Tower; Issyk-Kul Lake; Ala-Too Square,June–September,halal available,mid-range,4,"history, halal, food"
267,"Osh, Kyrgyzstan - Tour Package",Kyrgyzstan is generally safe for tourists; follow usual travel safety precautions and check local advice for female travelers.,800,https://images.unsplash.com/photo-1488646953014-85cb44e25828?ixlib=rb-4.0.3&auto=format&fit=crop&w=800&q=60,Kyrgyzstan,Osh,Q&A,Is Kyrgyzstan safe for solo female travelers?,,Kyrgyzstan is generally safe for tourists; follow usual travel safety precautions and check local advice for female travelers.,Son-Kul Lake; Issyk-Kul Lake; Ala-Too Square,June–September,halal available,budget,1,"history, luxury, nature"
268,"Astana, Kazakhstan - Tour Package",I can recommend popular halal restaurants nearby — any cuisine preference?,800,https://images.unsplash.com/photo-1488646953014-85cb44e25828?ixlib=rb-4.0.3&auto=format&fit=crop&w=800&q=60,Kazakhstan,Astana,Conversation,I am looking for halal food in Astana.,,I can recommend popular halal restaurants nearby — any cuisine preference?,Charyn Canyon; Bayterek Tower; Aksu-Zhabagly,May–September,halal available,budget,2,"luxury, budget, nature"
269,"Bukhara, Uzbekistan - Tour Package","Try local dishes like Plov, Shashlik when in Bukhara.",800,https://images.unsplash.com/photo-1488646953014-85cb44e25828?ixlib=rb-4.0.3&auto=format&fit=crop&w=800&q=60,Uzbekistan,Bukhara,Q&A,What local dishes should I try in Bukhara?,,"Try local dishes like Plov, Shashlik when in Bukhara.",Shah-i-Zinda; Itchan Kala; Ark Fortress,"April–June, September–October",halal available,budget,4,"budget, nature, food"
270,"Astana, Kazakhstan - Tour Package","Try local dishes like Beshbarmak, Baursak when in Astana.",1500,https://images.unsplash.com/photo-1488646953014-85cb44e25828?ixlib=rb-4.0.3&auto=format&fit=crop&w=800&q=60,Kazakhstan,Astana,Q&A,What local dishes should I try in Astana?,,"Try local dishes like Beshbarmak, Baursak when in Astana.",Aksu-Zhabagly; Medeu Skating Rink; Bayterek Tower,May–September,halal available,mid-range,5,"luxury, history, budget"
271,"Naryn, Kyrgyzstan - Tour Package","Yes, Naryn has halal restaurants. Popular options include local Central Asian cuisine and some halal-certified eateries in the city center.",2500,https://images.unsplash.com/photo-1488646953014-85cb44e25828?ixlib=rb-4.0.3&auto=format&fit=crop&w=800&q=60,Kyrgyzstan,Naryn,Q&A,"Are there halal restaurants in Naryn, Kyrgyzstan?",,"Yes, Naryn has halal restaurants. Popular options include local Central Asian cuisine and some halal-certified eateries in the city center.",Fairy Tale Canyon; Issyk-Kul Lake; Burana Tower,June–September,limited halal options,luxury,10,"history, adventure, halal"
272,"Naryn, Kyrgyzstan - Tour Package",Naryn in Kyrgyzstan is known for Son-Kul Lake and rich cultural heritage. Best time to visit: June–September. Popular foods: Laghman.,800,https://images.unsplash.com/photo-1488646953014-85cb44e25828?ixlib=rb-4.0.3&auto=format&fit=crop&w=800&q=60,Kyrgyzstan,Naryn,Destination,"Provide a short description of Naryn, Kyrgyzstan.",,Naryn in Kyrgyzstan is known for Son-Kul Lake and rich cultural heritage. Best time to visit: June–September. Popular foods: Laghman.,Fairy Tale Canyon; Burana Tower; Issyk-Kul Lake,June–September,halal available,budget,3,"adventure, history, food"
273,"Khiva, Uzbekistan - Tour Package","Khiva in Uzbekistan is known for Shah-i-Zinda and rich cultural heritage. Best time to visit: April–June, September–October. Popular foods: Plov.",1500,https://images.unsplash.com/photo-1506905925346-21bda4d32df4?ixlib=rb-4.0.3&auto=format&fit=crop&w=800&q=60,Uzbekistan,Khiva,Destination,"Provide a short description of Khiva, Uzbekistan.",,"Khiva in Uzbekistan is known for Shah-i-Zinda and rich cultural heritage. Best time to visit: April–June, September–October. Popular foods: Plov.",Gur-e-Amir; Registan; Itchan Kala,"April–June, September–October",halal available,mid-range,5,"history, budget, nature"
274,"Dashoguz, Turkmenistan - Tour Package","Look for guesthouses, family-run hotels, and budget hostels near the city center or transport hubs.",2500,https://images.unsplash.com/photo-1488646953014-85cb44e25828?ixlib=rb-4.0.3&auto=format&fit=crop&w=800&q=60,Turkmenistan,Dashoguz,Q&A,"Suggest budget accommodation options in Dashoguz, Turkmenistan.",,"Look for guesthouses, family-run hotels, and budget hostels near the city center or transport hubs.",Ruins of Merv; Yangykala Canyon; Darvaza Gas Crater,"April–June, September–October",halal available,luxury,7,"halal, family, history"
275,"Jalal-Abad, Kyrgyzstan - Tour Package",Jalal-Abad in Kyrgyzstan is known for Fairy Tale Canyon and rich cultural heritage. Best time to visit: June–September. Popular foods: Beshbarmak.,800,https://images.unsplash.com/photo-1488646953014-85cb44e25828?ixlib=rb-4.0.3&auto=format&fit=crop&w=800&q=60,Kyrgyzstan,Jalal-Abad,Destination,"Provide a short description of Jalal-Abad, Kyrgyzstan.",,Jalal-Abad in Kyrgyzstan is known for Fairy Tale Canyon and rich cultural heritage. Best time to visit: June–September. Popular foods: Beshbarmak.,Son-Kul Lake; Burana Tower; Ala-Too Square,June–September,halal available,budget,1,"adventure, family, nature"
276,"Shakhrisabz, Uzbekistan - Tour Package","Shakhrisabz in Uzbekistan is known for Ark Fortress and rich cultural heritage. Best time to visit: April–June, September–October. Popular foods: Shas...",1500,https://images.unsplash.com/photo-1488646953014-85cb44e25828?ixlib=rb-4.0.3&auto=format&fit=crop&w=800&q=60,Uzbekistan,Shakhrisabz,Destination,"Provide a short description of Shakhrisabz, Uzbekistan.",,"Shakhrisabz in Uzbekistan is known for Ark Fortress and rich cultural heritage. Best time to visit: April–June, September–October. Popular foods: Shashlik.",Gur-e-Amir; Shah-i-Zinda; Itchan Kala,"April–June, September–October",halal available,mid-range,1,"history, nature, family"
277,"Almaty, Kazakhstan - Tour Package",I can recommend popular halal restaurants nearby — any cuisine preference?,1500,https://images.unsplash.com/photo-1560707303-4e980ce876ad?ixlib=rb-4.0.3&auto=format&fit=crop&w=800&q=60,Kazakhstan,Almaty,Conversation,I am looking for halal food in Almaty.,,I can recommend popular halal restaurants nearby — any cuisine preference?,Charyn Canyon; Bayterek Tower; Big Almaty Lake,May–September,limited halal options,mid-range,5,"nature, food, budget"
278,"Osh, Kyrgyzstan - Tour Package",Suggest budget-friendly destinations and tips in Kyrgyzstan.,2500,https://images.unsplash.com/photo-1488646953014-85cb44e25828?ixlib=rb-4.0.3&auto=format&fit=crop&w=800&q=60,Kyrgyzstan,Osh,User_Preference,I travel on a budget.,,Suggest budget-friendly destinations and tips in Kyrgyzstan.,Son-Kul Lake; Burana Tower; Ala-Too Square,June–September,halal available,luxury,7,"halal, nature, luxury"
279,"Mary, Turkmenistan - Tour Package","Family-friendly spots include museums, parks, and easy cultural sites in Mary.",2500,https://images.unsplash.com/photo-1488646953014-85cb44e25828?ixlib=rb-4.0.3&auto=format&fit=crop&w=800&q=60,Turkmenistan,Mary,Q&A,"List family-friendly attractions in Mary, Turkmenistan.",,"Family-friendly spots include museums, parks, and easy cultural sites in Mary.",Nisa Fortress; Ruins of Merv; Darvaza Gas Crater,"April–June, September–October",halal available,luxury,5,"budget, luxury, family"
280,"Samarkand, Uzbekistan - Tour Package","Samarkand in Uzbekistan is known for Shah-i-Zinda and rich cultural heritage. Best time to visit: April–June, September–October. Popular foods: Plov.",2500,https://images.unsplash.com/photo-1584837403392-39b23aa8c9e0?ixlib=rb-4.0.3&auto=format&fit=crop&w=800&q=60,Uzbekistan,Samarkand,Destination,"Provide a short description of Samarkand, Uzbekistan.",,"Samarkand in Uzbekistan is known for Shah-i-Zinda and rich cultural heritage. Best time to visit: April–June, September–October. Popular foods: Plov.",Shah-i-Zinda; Registan; Gur-e-Amir,"April–June, September–October",halal available,luxury,1,"adventure, food, budget"
281,"Almaty, Kazakhstan - Tour Package",I can recommend popular halal restaurants nearby — any cuisine preference?,2500,https://images.unsplash.com/photo-1560707303-4e980ce876ad?ixlib=rb-4.0.3&auto=format&fit=crop&w=800&q=60,Kazakhstan,Almaty,Conversation,I am looking for halal food in Almaty.,,I can recommend popular halal restaurants nearby — any cuisine preference?,Big Almaty Lake; Charyn Canyon; Medeu Skating Rink,May–September,halal available,luxury,1,"halal, food, history"
282,"Tashkent, Uzbekistan - Tour Package","Family-friendly spots include museums, parks, and easy cultural sites in Tashkent.",1500,https://images.unsplash.com/photo-1567427217543-7c3f0533cf63?ixlib=rb-4.0.3&auto=format&fit=crop&w=800&q=60,Uzbekistan,Tashkent,Q&A,"List family-friendly attractions in Tashkent, Uzbekistan.",,"Family-friendly spots include museums, parks, and easy cultural sites in Tashkent.",Itchan Kala; Gur-e-Amir; Shah-i-Zinda,"April–June, September–October",halal available,mid-range,3,"budget, history, adventure"
283,"Mary, Turkmenistan - Tour Package","Top attractions in Turkmenistan include Darvaza Gas Crater, Nisa Fortress, Yangykala Canyon.",800,https://images.unsplash.com/photo-1488646953014-85cb44e25828?ixlib=rb-4.0.3&auto=format&fit=crop&w=800&q=60,Turkmenistan,Mary,Q&A,"Suggest top places to visit in Mary, Turkmenistan.",,"Top attractions in Turkmenistan include Darvaza Gas Crater, Nisa Fortress, Yangykala Canyon.",Nisa Fortress; Yangykala Canyon; Darvaza Gas Crater,"April–June, September–October",halal available,budget,4,"food, halal, history"
284,"Ashgabat, Turkmenistan - Tour Package","Respect local customs, dress modestly when visiting religious sites, and ask permission before photographing people in rural areas.",800,https://images.unsplash.com/photo-1488646953014-85cb44e25828?ixlib=rb-4.0.3&auto=format&fit=crop&w=800&q=60,Turkmenistan,Ashgabat,Q&A,What cultural etiquette should I know before visiting Turkmenistan?,,"Respect local customs, dress modestly when visiting religious sites, and ask permission before photographing people in rural areas.",Kunya-Urgench; Darvaza Gas Crater; Ruins of Merv,"April–June, September–October",limited halal options,budget,5,"budget, nature, history"
285,"Bukhara, Uzbekistan - Tour Package","Yes, Bukhara has halal restaurants. Popular options include local Central Asian cuisine and some halal-certified eateries in the city center.",800,https://images.unsplash.com/photo-1488646953014-85cb44e25828?ixlib=rb-4.0.3&auto=format&fit=crop&w=800&q=60,Uzbekistan,Bukhara,Q&A,"Are there halal restaurants in Bukhara, Uzbekistan?",,"Yes, Bukhara has halal restaurants. Popular options include local Central Asian cuisine and some halal-certified eateries in the city center.",Itchan Kala; Ark Fortress; Shah-i-Zinda,"April–June, September–October",halal available,budget,1,"history, adventure, family"
286,"Dashoguz, Turkmenistan - Tour Package",Day 1: Explore the city highlights in Dashoguz. Day 2: Visit nearby cultural or nature spots. Day 3: Shopping and local cuisine. Adjust based on inter...,2500,https://images.unsplash.com/photo-1488646953014-85cb44e25828?ixlib=rb-4.0.3&auto=format&fit=crop&w=800&q=60,Turkmenistan,Dashoguz,Q&A,"Recommend a 3-day itinerary for Dashoguz, Turkmenistan.",,Day 1: Explore the city highlights in Dashoguz. Day 2: Visit nearby cultural or nature spots. Day 3: Shopping and local cuisine. Adjust based on interests.,Darvaza Gas Crater; Kunya-Urgench; Yangykala Canyon,"April–June, September–October",halal available,luxury,7,"luxury, nature, history"
287,"Samarkand, Uzbekistan - Tour Package",Uzbekistan offers diverse travel experiences; let me know your interests.,1500,https://images.unsplash.com/photo-1584837403392-39b23aa8c9e0?ixlib=rb-4.0.3&auto=format&fit=crop&w=800&q=60,Uzbekistan,Samarkand,Q&A,How can I travel from Samarkand to the capital of Uzbekistan?,,Uzbekistan offers diverse travel experiences; let me know your interests.,Registan; Itchan Kala; Shah-i-Zinda,"April–June, September–October",halal available,mid-range,4,"luxury, halal, food"
288,"Shakhrisabz, Uzbekistan - Tour Package",Day 1: Explore the city highlights in Shakhrisabz. Day 2: Visit nearby cultural or nature spots. Day 3: Shopping and local cuisine. Adjust based on in...,1500,https://images.unsplash.com/photo-1488646953014-85cb44e25828?ixlib=rb-4.0.3&auto=format&fit=crop&w=800&q=60,Uzbekistan,Shakhrisabz,Q&A,"Recommend a 3-day itinerary for Shakhrisabz, Uzbekistan.",,Day 1: Explore the city highlights in Shakhrisabz. Day 2: Visit nearby cultural or nature spots. Day 3: Shopping and local cuisine. Adjust based on interests.,Itchan Kala; Ark Fortress; Registan,"April–June, September–October",halal available,mid-range,4,"luxury, food, nature"
289,"Jalal-Abad, Kyrgyzstan - Tour Package",You will find mosques and prayer areas near major attractions; ask at information centers for exact locations.,2500,https://images.unsplash.com/photo-1488646953014-85cb44e25828?ixlib=rb-4.0.3&auto=format&fit=crop&w=800&q=60,Kyrgyzstan,Jalal-Abad,Q&A,Which mosque or prayer facilities are near Jalal-Abad's main attractions?,,You will find mosques and prayer areas near major attractions; ask at information centers for exact locations.,Ala-Too Square; Fairy Tale Canyon; Burana Tower,June–September,halal available,luxury,4,"adventure, family, history"
290,"Panjakent, Tajikistan - Tour Package",Panjakent in Tajikistan is known for Ancient Penjikent and rich cultural heritage. Best time to visit: May–September. Popular foods: Shurbo.,1500,https://images.unsplash.com/photo-1488646953014-85cb44e25828?ixlib=rb-4.0.3&auto=format&fit=crop&w=800&q=60,Tajikistan,Panjakent,Destination,"Provide a short description of Panjakent, Tajikistan.",,Panjakent in Tajikistan is known for Ancient Penjikent and rich cultural heritage. Best time to visit: May–September. Popular foods: Shurbo.,Rudaki Park; Pamir Mountains; Ancient Penjikent,May–September,halal available,mid-range,10,"history, family, budget"
291,"Balkanabat, Turkmenistan - Tour Package","Balkanabat in Turkmenistan is known for Yangykala Canyon and rich cultural heritage. Best time to visit: April–June, September–October. Popular foods:...",800,https://images.unsplash.com/photo-1488646953014-85cb44e25828?ixlib=rb-4.0.3&auto=format&fit=crop&w=800&q=60,Turkmenistan,Balkanabat,Destination,"Provide a short description of Balkanabat, Turkmenistan.",,"Balkanabat in Turkmenistan is known for Yangykala Canyon and rich cultural heritage. Best time to visit: April–June, September–October. Popular foods: Ichlekli.",Darvaza Gas Crater; Kunya-Urgench; Yangykala Canyon,"April–June, September–October",limited halal options,budget,2,"adventure, nature, history"
292,"Dushanbe, Tajikistan - Tour Package",Suggest budget-friendly destinations and tips in Tajikistan.,2500,https://images.unsplash.com/photo-1488646953014-85cb44e25828?ixlib=rb-4.0.3&auto=format&fit=crop&w=800&q=60,Tajikistan,Dushanbe,User_Preference,I travel on a budget.,,Suggest budget-friendly destinations and tips in Tajikistan.,Pamir Mountains; Ancient Penjikent; Fann Mountains,May–September,halal available,luxury,10,"nature, history, adventure"
293,"Dashoguz, Turkmenistan - Tour Package","Dashoguz in Turkmenistan is known for Nisa Fortress and rich cultural heritage. Best time to visit: April–June, September–October. Popular foods: Shas...",2500,https://images.unsplash.com/photo-1488646953014-85cb44e25828?ixlib=rb-4.0.3&auto=format&fit=crop&w=800&q=60,Turkmenistan,Dashoguz,Destination,"Provide a short description of Dashoguz, Turkmenistan.",,"Dashoguz in Turkmenistan is known for Nisa Fortress and rich cultural heritage. Best time to visit: April–June, September–October. Popular foods: Shashlik.",Kunya-Urgench; Darvaza Gas Crater; Nisa Fortress,"April–June, September–October",halal available,luxury,10,"budget, history, adventure"
294,"Astana, Kazakhstan - Tour Package",Astana in Kazakhstan is known for Aksu-Zhabagly and rich cultural heritage. Best time to visit: May–September. Popular foods: Beshbarmak.,1500,https://images.unsplash.com/photo-1488646953014-85cb44e25828?ixlib=rb-4.0.3&auto=format&fit=crop&w=800&q=60,Kazakhstan,Astana,Destination,"Provide a short description of Astana, Kazakhstan.",,Astana in Kazakhstan is known for Aksu-Zhabagly and rich cultural heritage. Best time to visit: May–September. Popular foods: Beshbarmak.,Charyn Canyon; Aksu-Zhabagly; Medeu Skating Rink,May–September,halal available,mid-range,4,"family, adventure, halal"
295,"Panjakent, Tajikistan - Tour Package",Panjakent in Tajikistan is known for Iskanderkul and rich cultural heritage. Best time to visit: May–September. Popular foods: Qurutob.,2500,https://images.unsplash.com/photo-1488646953014-85cb44e25828?ixlib=rb-4.0.3&auto=format&fit=crop&w=800&q=60,Tajikistan,Panjakent,Destination,"Provide a short description of Panjakent, Tajikistan.",,Panjakent in Tajikistan is known for Iskanderkul and rich cultural heritage. Best time to visit: May–September. Popular foods: Qurutob.,Fann Mountains; Rudaki Park; Iskanderkul,May–September,halal available,luxury,7,"budget, history, adventure"
296,"Osh, Kyrgyzstan - Tour Package","Try local dishes like Laghman, Kuurdak when in Osh.",1500,https://images.unsplash.com/photo-1488646953014-85cb44e25828?ixlib=rb-4.0.3&auto=format&fit=crop&w=800&q=60,Kyrgyzstan,Osh,Q&A,What local dishes should I try in Osh?,,"Try local dishes like Laghman, Kuurdak when in Osh.",Ala-Too Square; Burana Tower; Issyk-Kul Lake,June–September,halal available,mid-range,10,"nature, budget, luxury"
297,"Shymkent, Kazakhstan - Tour Package",Suggest budget-friendly destinations and tips in Kazakhstan.,2500,https://images.unsplash.com/photo-1488646953014-85cb44e25828?ixlib=rb-4.0.3&auto=format&fit=crop&w=800&q=60,Kazakhstan,Shymkent,User_Preference,I travel on a budget.,,Suggest budget-friendly destinations and tips in Kazakhstan.,Bayterek Tower; Aksu-Zhabagly; Big Almaty Lake,May–September,halal available,luxury,1,"adventure, luxury, nature"
298,"Istaravshan, Tajikistan - Tour Package",I can recommend popular halal restaurants nearby — any cuisine preference?,2500,https://images.unsplash.com/photo-1488646953014-85cb44e25828?ixlib=rb-4.0.3&auto=format&fit=crop&w=800&q=60,Tajikistan,Istaravshan,Conversation,I am looking for halal food in Istaravshan.,,I can recommend popular halal restaurants nearby — any cuisine preference?,Iskanderkul; Pamir Mountains; Ancient Penjikent,May–September,halal available,luxury,4,"food, budget, family"
299,"Ashgabat, Turkmenistan - Tour Package","You can travel by bus, shared taxi, or domestic flight depending on distance. Check local bus timetables or domestic flights for best convenience.",800,https://images.unsplash.com/photo-1488646953014-85cb44e25828?ixlib=rb-4.0.3&auto=format&fit=crop&w=800&q=60,Turkmenistan,Ashgabat,Q&A,How to get from the airport to the city center in Ashgabat?,,"You can travel by bus, shared taxi, or domestic flight depending on distance. Check local bus timetables or domestic flights for best convenience.",Ruins of Merv; Darvaza Gas Crater; Kunya-Urgench,"April–June, September–October",halal available,budget,3,"adventure, food, budget"
300,"Panjakent, Tajikistan - Tour Package","You can travel by bus, shared taxi, or domestic flight depending on distance. Check local bus timetables or domestic flights for best convenience.",2500,https://images.unsplash.com/photo-1488646953014-85cb44e25828?ixlib=rb-4.0.3&auto=format&fit=crop&w=800&q=60,Tajikistan,Panjakent,Q&A,How to get from the airport to the city center in Panjakent?,,"You can travel by bus, shared taxi, or domestic flight depending on distance. Check local bus timetables or domestic flights for best convenience.",Iskanderkul; Ancient Penjikent; Rudaki Park,May–September,halal available,luxury,4,"food, budget, adventure"
301,"Balkanabat, Turkmenistan - Tour Package","The best time to visit Turkmenistan is April–June, September–October.",800,https://images.unsplash.com/photo-1488646953014-85cb44e25828?ixlib=rb-4.0.3&auto=format&fit=crop&w=800&q=60,Turkmenistan,Balkanabat,Q&A,What is the best time to visit Turkmenistan?,,"The best time to visit Turkmenistan is April–June, September–October.",Nisa Fortress; Darvaza Gas Crater; Ruins of Merv,"April–June, September–October",halal available,budget,2,"adventure, budget, nature"
302,"Astana, Kazakhstan - Tour Package",Kazakhstan is generally safe for tourists; follow usual travel safety precautions and check local advice for female travelers.,800,https://images.unsplash.com/photo-1488646953014-85cb44e25828?ixlib=rb-4.0.3&auto=format&fit=crop&w=800&q=60,Kazakhstan,Astana,Q&A,Is Kazakhstan safe for solo female travelers?,,Kazakhstan is generally safe for tourists; follow usual travel safety precautions and check local advice for female travelers.,Aksu-Zhabagly; Charyn Canyon; Bayterek Tower,May–September,halal available,budget,7,"food, family, history"
303,"Shymkent, Kazakhstan - Tour Package",Shymkent in Kazakhstan is known for Bayterek Tower and rich cultural heritage. Best time to visit: May–September. Popular foods: Baursak.,1500,https://images.unsplash.com/photo-1488646953014-85cb44e25828?ixlib=rb-4.0.3&auto=format&fit=crop&w=800&q=60,Kazakhstan,Shymkent,Destination,"Provide a short description of Shymkent, Kazakhstan.",,Shymkent in Kazakhstan is known for Bayterek Tower and rich cultural heritage. Best time to visit: May–September. Popular foods: Baursak.,Bayterek Tower; Big Almaty Lake; Medeu Skating Rink,May–September,halal available,mid-range,3,"adventure, luxury, food"
304,"Balkanabat, Turkmenistan - Tour Package","Top attractions in Turkmenistan include Darvaza Gas Crater, Nisa Fortress, Kunya-Urgench.",1500,https://images.unsplash.com/photo-1488646953014-85cb44e25828?ixlib=rb-4.0.3&auto=format&fit=crop&w=800&q=60,Turkmenistan,Balkanabat,Q&A,"Suggest top places to visit in Balkanabat, Turkmenistan.",,"Top attractions in Turkmenistan include Darvaza Gas Crater, Nisa Fortress, Kunya-Urgench.",Yangykala Canyon; Nisa Fortress; Ruins of Merv,"April–June, September–October",halal available,mid-range,1,"halal, food, luxury"
305,"Karakol, Kyrgyzstan - Tour Package","Family-friendly spots include museums, parks, and easy cultural sites in Karakol.",800,https://images.unsplash.com/photo-1488646953014-85cb44e25828?ixlib=rb-4.0.3&auto=format&fit=crop&w=800&q=60,Kyrgyzstan,Karakol,Q&A,"List family-friendly attractions in Karakol, Kyrgyzstan.",,"Family-friendly spots include museums, parks, and easy cultural sites in Karakol.",Burana Tower; Issyk-Kul Lake; Ala-Too Square,June–September,halal available,budget,1,"budget, halal, food"
306,"Almaty, Kazakhstan - Tour Package",Almaty in Kazakhstan is known for Bayterek Tower and rich cultural heritage. Best time to visit: May–September. Popular foods: Kurt.,2500,https://images.unsplash.com/photo-1560707303-4e980ce876ad?ixlib=rb-4.0.3&auto=format&fit=crop&w=800&q=60,Kazakhstan,Almaty,Destination,"Provide a short description of Almaty, Kazakhstan.",,Almaty in Kazakhstan is known for Bayterek Tower and rich cultural heritage. Best time to visit: May–September. Popular foods: Kurt.,Big Almaty Lake; Aksu-Zhabagly; Medeu Skating Rink,May–September,halal available,luxury,7,"adventure, food, halal"
307,"Aktau, Kazakhstan - Tour Package",Aktau in Kazakhstan is known for Big Almaty Lake and rich cultural heritage. Best time to visit: May–September. Popular foods: Baursak.,2500,https://images.unsplash.com/photo-1488646953014-85cb44e25828?ixlib=rb-4.0.3&auto=format&fit=crop&w=800&q=60,Kazakhstan,Aktau,Destination,"Provide a short description of Aktau, Kazakhstan.",,Aktau in Kazakhstan is known for Big Almaty Lake and rich cultural heritage. Best time to visit: May–September. Popular foods: Baursak.,Bayterek Tower; Aksu-Zhabagly; Charyn Canyon,May–September,halal available,luxury,2,"family, history, adventure"
308,"Shymkent, Kazakhstan - Tour Package",I will suggest budget guesthouses and hostels near major attractions.,1500,https://images.unsplash.com/photo-1488646953014-85cb44e25828?ixlib=rb-4.0.3&auto=format&fit=crop&w=800&q=60,Kazakhstan,Shymkent,Conversation,"I'm on a tight budget, any cheap places to stay in Shymkent?",,I will suggest budget guesthouses and hostels near major attractions.,Medeu Skating Rink; Bayterek Tower; Big Almaty Lake,May–September,halal available,mid-range,2,"family, adventure, food"
309,"Karakol, Kyrgyzstan - Tour Package",Karakol in Kyrgyzstan is known for Son-Kul Lake and rich cultural heritage. Best time to visit: June–September. Popular foods: Beshbarmak.,2500,https://images.unsplash.com/photo-1488646953014-85cb44e25828?ixlib=rb-4.0.3&auto=format&fit=crop&w=800&q=60,Kyrgyzstan,Karakol,Destination,"Provide a short description of Karakol, Kyrgyzstan.",,Karakol in Kyrgyzstan is known for Son-Kul Lake and rich cultural heritage. Best time to visit: June–September. Popular foods: Beshbarmak.,Son-Kul Lake; Ala-Too Square; Burana Tower,June–September,halal available,luxury,1,"luxury, nature, family"
310,"Khiva, Uzbekistan - Tour Package","Khiva in Uzbekistan is known for Itchan Kala and rich cultural heritage. Best time to visit: April–June, September–October. Popular foods: Plov.",2500,https://images.unsplash.com/photo-1506905925346-21bda4d32df4?ixlib=rb-4.0.3&auto=format&fit=crop&w=800&q=60,Uzbekistan,Khiva,Destination,"Provide a short description of Khiva, Uzbekistan.",,"Khiva in Uzbekistan is known for Itchan Kala and rich cultural heritage. Best time to visit: April–June, September–October. Popular foods: Plov.",Gur-e-Amir; Shah-i-Zinda; Registan,"April–June, September–October",halal available,luxury,4,"food, luxury, halal"
311,"Almaty, Kazakhstan - Tour Package",Almaty in Kazakhstan is known for Medeu Skating Rink and rich cultural heritage. Best time to visit: May–September. Popular foods: Kurt.,800,https://images.unsplash.com/photo-1560707303-4e980ce876ad?ixlib=rb-4.0.3&auto=format&fit=crop&w=800&q=60,Kazakhstan,Almaty,Destination,"Provide a short description of Almaty, Kazakhstan.",,Almaty in Kazakhstan is known for Medeu Skating Rink and rich cultural heritage. Best time to visit: May–September. Popular foods: Kurt.,Charyn Canyon; Aksu-Zhabagly; Medeu Skating Rink,May–September,halal available,budget,5,"food, adventure, history"
312,"Aktau, Kazakhstan - Tour Package",Aktau in Kazakhstan is known for Big Almaty Lake and rich cultural heritage. Best time to visit: May–September. Popular foods: Kurt.,2500,https://images.unsplash.com/photo-1488646953014-85cb44e25828?ixlib=rb-4.0.3&auto=format&fit=crop&w=800&q=60,Kazakhstan,Aktau,Destination,"Provide a short description of Aktau, Kazakhstan.",,Aktau in Kazakhstan is known for Big Almaty Lake and rich cultural heritage. Best time to visit: May–September. Popular foods: Kurt.,Big Almaty Lake; Aksu-Zhabagly; Medeu Skating Rink,May–September,halal available,luxury,2,"halal, history, food"
313,"Mary, Turkmenistan - Tour Package","Top attractions in Turkmenistan include Ruins of Merv, Yangykala Canyon, Nisa Fortress.",2500,https://images.unsplash.com/photo-1488646953014-85cb44e25828?ixlib=rb-4.0.3&auto=format&fit=crop&w=800&q=60,Turkmenistan,Mary,Q&A,What are the top tourist attractions in Turkmenistan?,,"Top attractions in Turkmenistan include Ruins of Merv, Yangykala Canyon, Nisa Fortress.",Nisa Fortress; Yangykala Canyon; Darvaza Gas Crater,"April–June, September–October",halal available,luxury,5,"family, nature, history"
314,"Bukhara, Uzbekistan - Tour Package",Suggest budget-friendly destinations and tips in Uzbekistan.,800,https://images.unsplash.com/photo-1488646953014-85cb44e25828?ixlib=rb-4.0.3&auto=format&fit=crop&w=800&q=60,Uzbekistan,Bukhara,User_Preference,I travel on a budget.,,Suggest budget-friendly destinations and tips in Uzbekistan.,Shah-i-Zinda; Ark Fortress; Gur-e-Amir,"April–June, September–October",halal available,budget,3,"luxury, food, nature"
315,"Karaganda, Kazakhstan - Tour Package","Yes, Karaganda has halal restaurants. Popular options include local Central Asian cuisine and some halal-certified eateries in the city center.",2500,https://images.unsplash.com/photo-1488646953014-85cb44e25828?ixlib=rb-4.0.3&auto=format&fit=crop&w=800&q=60,Kazakhstan,Karaganda,Q&A,"Are there halal restaurants in Karaganda, Kazakhstan?",,"Yes, Karaganda has halal restaurants. Popular options include local Central Asian cuisine and some halal-certified eateries in the city center.",Medeu Skating Rink; Aksu-Zhabagly; Bayterek Tower,May–September,halal available,luxury,2,"nature, food, halal"
316,"Khiva, Uzbekistan - Tour Package",I can recommend popular halal restaurants nearby — any cuisine preference?,2500,https://images.unsplash.com/photo-1506905925346-21bda4d32df4?ixlib=rb-4.0.3&auto=format&fit=crop&w=800&q=60,Uzbekistan,Khiva,Conversation,I am looking for halal food in Khiva.,,I can recommend popular halal restaurants nearby — any cuisine preference?,Shah-i-Zinda; Registan; Ark Fortress,"April–June, September–October",limited halal options,luxury,1,"history, luxury, halal"
317,"Khiva, Uzbekistan - Tour Package","Khiva in Uzbekistan is known for Registan and rich cultural heritage. Best time to visit: April–June, September–October. Popular foods: Shashlik.",2500,https://images.unsplash.com/photo-1506905925346-21bda4d32df4?ixlib=rb-4.0.3&auto=format&fit=crop&w=800&q=60,Uzbekistan,Khiva,Destination,"Provide a short description of Khiva, Uzbekistan.",,"Khiva in Uzbekistan is known for Registan and rich cultural heritage. Best time to visit: April–June, September–October. Popular foods: Shashlik.",Ark Fortress; Itchan Kala; Shah-i-Zinda,"April–June, September–October",halal available,luxury,7,"history, food, adventure"
318,"Shakhrisabz, Uzbekistan - Tour Package","Respect local customs, dress modestly when visiting religious sites, and ask permission before photographing people in rural areas.",2500,https://images.unsplash.com/photo-1488646953014-85cb44e25828?ixlib=rb-4.0.3&auto=format&fit=crop&w=800&q=60,Uzbekistan,Shakhrisabz,Q&A,What cultural etiquette should I know before visiting Uzbekistan?,,"Respect local customs, dress modestly when visiting religious sites, and ask permission before photographing people in rural areas.",Gur-e-Amir; Itchan Kala; Registan,"April–June, September–October",halal available,luxury,1,"family, history, budget"
319,"Khujand, Tajikistan - Tour Package",Khujand in Tajikistan is known for Fann Mountains and rich cultural heritage. Best time to visit: May–September. Popular foods: Shurbo.,800,https://images.unsplash.com/photo-1488646953014-85cb44e25828?ixlib=rb-4.0.3&auto=format&fit=crop&w=800&q=60,Tajikistan,Khujand,Destination,"Provide a short description of Khujand, Tajikistan.",,Khujand in Tajikistan is known for Fann Mountains and rich cultural heritage. Best time to visit: May–September. Popular foods: Shurbo.,Pamir Mountains; Fann Mountains; Rudaki Park,May–September,halal available,budget,1,"luxury, nature, halal"
320,"Khorog, Tajikistan - Tour Package","Top attractions in Tajikistan include Iskanderkul, Ancient Penjikent, Fann Mountains.",800,https://images.unsplash.com/photo-1488646953014-85cb44e25828?ixlib=rb-4.0.3&auto=format&fit=crop&w=800&q=60,Tajikistan,Khorog,Q&A,What are the top tourist attractions in Tajikistan?,,"Top attractions in Tajikistan include Iskanderkul, Ancient Penjikent, Fann Mountains.",Rudaki Park; Pamir Mountains; Iskanderkul,May–September,halal available,budget,7,"nature, food, halal"
321,"Karaganda, Kazakhstan - Tour Package",List halal-friendly cities and facilities in Kazakhstan.,800,https://images.unsplash.com/photo-1488646953014-85cb44e25828?ixlib=rb-4.0.3&auto=format&fit=crop&w=800&q=60,Kazakhstan,Karaganda,User_Preference,I need halal-friendly accommodation and nearby mosques.,,List halal-friendly cities and facilities in Kazakhstan.,Bayterek Tower; Big Almaty Lake; Charyn Canyon,May–September,halal available,budget,10,"history, budget, food"
322,"Karakol, Kyrgyzstan - Tour Package",Karakol in Kyrgyzstan is known for Ala-Too Square and rich cultural heritage. Best time to visit: June–September. Popular foods: Beshbarmak.,800,https://images.unsplash.com/photo-1488646953014-85cb44e25828?ixlib=rb-4.0.3&auto=format&fit=crop&w=800&q=60,Kyrgyzstan,Karakol,Destination,"Provide a short description of Karakol, Kyrgyzstan.",,Karakol in Kyrgyzstan is known for Ala-Too Square and rich cultural heritage. Best time to visit: June–September. Popular foods: Beshbarmak.,Ala-Too Square; Fairy Tale Canyon; Son-Kul Lake,June–September,halal available,budget,3,"halal, adventure, family"
323,"Bishkek, Kyrgyzstan - Tour Package",Day 1: Explore the city highlights in Bishkek. Day 2: Visit nearby cultural or nature spots. Day 3: Shopping and local cuisine. Adjust based on intere...,1500,https://images.unsplash.com/photo-1466427573353-ca4d2ca1ee6d?ixlib=rb-4.0.3&auto=format&fit=crop&w=800&q=60,Kyrgyzstan,Bishkek,Q&A,"Recommend a 3-day itinerary for Bishkek, Kyrgyzstan.",,Day 1: Explore the city highlights in Bishkek. Day 2: Visit nearby cultural or nature spots. Day 3: Shopping and local cuisine. Adjust based on interests.,Issyk-Kul Lake; Ala-Too Square; Fairy Tale Canyon,June–September,halal available,mid-range,3,"budget, halal, adventure"
324,"Khujand, Tajikistan - Tour Package","Family-friendly spots include museums, parks, and easy cultural sites in Khujand.",2500,https://images.unsplash.com/photo-1488646953014-85cb44e25828?ixlib=rb-4.0.3&auto=format&fit=crop&w=800&q=60,Tajikistan,Khujand,Q&A,"List family-friendly attractions in Khujand, Tajikistan.",,"Family-friendly spots include museums, parks, and easy cultural sites in Khujand.",Iskanderkul; Pamir Mountains; Ancient Penjikent,May–September,halal available,luxury,4,"luxury, nature, family"
325,"Khorog, Tajikistan - Tour Package",Khorog in Tajikistan is known for Pamir Mountains and rich cultural heritage. Best time to visit: May–September. Popular foods: Osh.,800,https://images.unsplash.com/photo-1488646953014-85cb44e25828?ixlib=rb-4.0.3&auto=format&fit=crop&w=800&q=60,Tajikistan,Khorog,Destination,"Provide a short description of Khorog, Tajikistan.",,Khorog in Tajikistan is known for Pamir Mountains and rich cultural heritage. Best time to visit: May–September. Popular foods: Osh.,Rudaki Park; Iskanderkul; Pamir Mountains,May–September,halal available,budget,3,"halal, history, luxury"
326,"Balkanabat, Turkmenistan - Tour Package",Nice — do you want a city-focused or nature-focused itinerary?,800,https://images.unsplash.com/photo-1488646953014-85cb44e25828?ixlib=rb-4.0.3&auto=format&fit=crop&w=800&q=60,Turkmenistan,Balkanabat,Conversation,I have 7 days and want to explore Turkmenistan.,,Nice — do you want a city-focused or nature-focused itinerary?,Nisa Fortress; Darvaza Gas Crater; Ruins of Merv,"April–June, September–October",halal available,budget,4,"halal, luxury, budget"
327,"Khujand, Tajikistan - Tour Package",I will suggest budget guesthouses and hostels near major attractions.,800,https://images.unsplash.com/photo-1488646953014-85cb44e25828?ixlib=rb-4.0.3&auto=format&fit=crop&w=800&q=60,Tajikistan,Khujand,Conversation,"I'm on a tight budget, any cheap places to stay in Khujand?",,I will suggest budget guesthouses and hostels near major attractions.,Ancient Penjikent; Iskanderkul; Rudaki Park,May–September,halal available,budget,5,"luxury, budget, adventure"
328,"Almaty, Kazakhstan - Tour Package",I can recommend popular halal restaurants nearby — any cuisine preference?,800,https://images.unsplash.com/photo-1560707303-4e980ce876ad?ixlib=rb-4.0.3&auto=format&fit=crop&w=800&q=60,Kazakhstan,Almaty,Conversation,I am looking for halal food in Almaty.,,I can recommend popular halal restaurants nearby — any cuisine preference?,Medeu Skating Rink; Bayterek Tower; Aksu-Zhabagly,May–September,halal available,budget,5,"budget, adventure, nature"
329,"Khiva, Uzbekistan - Tour Package","Khiva in Uzbekistan is known for Shah-i-Zinda and rich cultural heritage. Best time to visit: April–June, September–October. Popular foods: Samsa.",1500,https://images.unsplash.com/photo-1506905925346-21bda4d32df4?ixlib=rb-4.0.3&auto=format&fit=crop&w=800&q=60,Uzbekistan,Khiva,Destination,"Provide a short description of Khiva, Uzbekistan.",,"Khiva in Uzbekistan is known for Shah-i-Zinda and rich cultural heritage. Best time to visit: April–June, September–October. Popular foods: Samsa.",Registan; Itchan Kala; Gur-e-Amir,"April–June, September–October",halal available,mid-range,7,"history, luxury, adventure"
330,"Dushanbe, Tajikistan - Tour Package",Dushanbe in Tajikistan is known for Iskanderkul and rich cultural heritage. Best time to visit: May–September. Popular foods: Qurutob.,2500,https://images.unsplash.com/photo-1488646953014-85cb44e25828?ixlib=rb-4.0.3&auto=format&fit=crop&w=800&q=60,Tajikistan,Dushanbe,Destination,"Provide a short description of Dushanbe, Tajikistan.",,Dushanbe in Tajikistan is known for Iskanderkul and rich cultural heritage. Best time to visit: May–September. Popular foods: Qurutob.,Ancient Penjikent; Fann Mountains; Rudaki Park,May–September,halal available,luxury,7,"luxury, food, budget"
331,"Samarkand, Uzbekistan - Tour Package",I can recommend popular halal restaurants nearby — any cuisine preference?,2500,https://images.unsplash.com/photo-1584837403392-39b23aa8c9e0?ixlib=rb-4.0.3&auto=format&fit=crop&w=800&q=60,Uzbekistan,Samarkand,Conversation,I am looking for halal food in Samarkand.,,I can recommend popular halal restaurants nearby — any cuisine preference?,Shah-i-Zinda; Itchan Kala; Ark Fortress,"April–June, September–October",halal available,luxury,4,"nature, history, halal"
332,"Almaty, Kazakhstan - Tour Package","Look for guesthouses, family-run hotels, and budget hostels near the city center or transport hubs.",800,https://images.unsplash.com/photo-1560707303-4e980ce876ad?ixlib=rb-4.0.3&auto=format&fit=crop&w=800&q=60,Kazakhstan,Almaty,Q&A,"Suggest budget accommodation options in Almaty, Kazakhstan.",,"Look for guesthouses, family-run hotels, and budget hostels near the city center or transport hubs.",Bayterek Tower; Aksu-Zhabagly; Big Almaty Lake,May–September,halal available,budget,4,"food, budget, halal"
333,"Dushanbe, Tajikistan - Tour Package","Yes, Dushanbe has halal restaurants. Popular options include local Central Asian cuisine and some halal-certified eateries in the city center.",800,https://images.unsplash.com/photo-1488646953014-85cb44e25828?ixlib=rb-4.0.3&auto=format&fit=crop&w=800&q=60,Tajikistan,Dushanbe,Q&A,"Are there halal restaurants in Dushanbe, Tajikistan?",,"Yes, Dushanbe has halal restaurants. Popular options include local Central Asian cuisine and some halal-certified eateries in the city center.",Pamir Mountains; Iskanderkul; Ancient Penjikent,May–September,halal available,budget,7,"halal, history, adventure"
334,"Shakhrisabz, Uzbekistan - Tour Package","You can travel by bus, shared taxi, or domestic flight depending on distance. Check local bus timetables or domestic flights for best convenience.",2500,https://images.unsplash.com/photo-1488646953014-85cb44e25828?ixlib=rb-4.0.3&auto=format&fit=crop&w=800&q=60,Uzbekistan,Shakhrisabz,Q&A,How to get from the airport to the city center in Shakhrisabz?,,"You can travel by bus, shared taxi, or domestic flight depending on distance. Check local bus timetables or domestic flights for best convenience.",Itchan Kala; Shah-i-Zinda; Ark Fortress,"April–June, September–October",halal available,luxury,2,"luxury, history, family"
335,"Shakhrisabz, Uzbekistan - Tour Package",Suggest budget-friendly destinations and tips in Uzbekistan.,2500,https://images.unsplash.com/photo-1488646953014-85cb44e25828?ixlib=rb-4.0.3&auto=format&fit=crop&w=800&q=60,Uzbekistan,Shakhrisabz,User_Preference,I travel on a budget.,,Suggest budget-friendly destinations and tips in Uzbekistan.,Shah-i-Zinda; Gur-e-Amir; Ark Fortress,"April–June, September–October",halal available,luxury,10,"food, history, adventure"
336,"Balkanabat, Turkmenistan - Tour Package",I will suggest budget guesthouses and hostels near major attractions.,800,https://images.unsplash.com/photo-1488646953014-85cb44e25828?ixlib=rb-4.0.3&auto=format&fit=crop&w=800&q=60,Turkmenistan,Balkanabat,Conversation,"I'm on a tight budget, any cheap places to stay in Balkanabat?",,I will suggest budget guesthouses and hostels near major attractions.,Kunya-Urgench; Yangykala Canyon; Nisa Fortress,"April–June, September–October",limited halal options,budget,3,"budget, food, luxury"
337,"Khujand, Tajikistan - Tour Package","Respect local customs, dress modestly when visiting religious sites, and ask permission before photographing people in rural areas.",1500,https://images.unsplash.com/photo-1488646953014-85cb44e25828?ixlib=rb-4.0.3&auto=format&fit=crop&w=800&q=60,Tajikistan,Khujand,Q&A,What cultural etiquette should I know before visiting Tajikistan?,,"Respect local customs, dress modestly when visiting religious sites, and ask permission before photographing people in rural areas.",Ancient Penjikent; Fann Mountains; Rudaki Park,May–September,halal available,mid-range,7,"adventure, nature, budget"
338,"Turkmenbashi, Turkmenistan - Tour Package","Turkmenbashi in Turkmenistan is known for Ruins of Merv and rich cultural heritage. Best time to visit: April–June, September–October. Popular foods: ...",1500,https://images.unsplash.com/photo-1488646953014-85cb44e25828?ixlib=rb-4.0.3&auto=format&fit=crop&w=800&q=60,Turkmenistan,Turkmenbashi,Destination,"Provide a short description of Turkmenbashi, Turkmenistan.",,"Turkmenbashi in Turkmenistan is known for Ruins of Merv and rich cultural heritage. Best time to visit: April–June, September–October. Popular foods: Shashlik.",Ruins of Merv; Nisa Fortress; Kunya-Urgench,"April–June, September–October",halal available,mid-range,5,"luxury, family, budget"
339,"Panjakent, Tajikistan - Tour Package","Look for guesthouses, family-run hotels, and budget hostels near the city center or transport hubs.",1500,https://images.unsplash.com/photo-1488646953014-85cb44e25828?ixlib=rb-4.0.3&auto=format&fit=crop&w=800&q=60,Tajikistan,Panjakent,Q&A,"Suggest budget accommodation options in Panjakent, Tajikistan.",,"Look for guesthouses, family-run hotels, and budget hostels near the city center or transport hubs.",Rudaki Park; Iskanderkul; Fann Mountains,May–September,halal available,mid-range,2,"history, halal, luxury"
340,"Shymkent, Kazakhstan - Tour Package",Nice — do you want a city-focused or nature-focused itinerary?,2500,https://images.unsplash.com/photo-1488646953014-85cb44e25828?ixlib=rb-4.0.3&auto=format&fit=crop&w=800&q=60,Kazakhstan,Shymkent,Conversation,I have 7 days and want to explore Kazakhstan.,,Nice — do you want a city-focused or nature-focused itinerary?,Bayterek Tower; Aksu-Zhabagly; Charyn Canyon,May–September,halal available,luxury,10,"family, nature, luxury"
341,"Bukhara, Uzbekistan - Tour Package","Great! Do you prefer culture, nature, or adventure?",1500,https://images.unsplash.com/photo-1488646953014-85cb44e25828?ixlib=rb-4.0.3&auto=format&fit=crop&w=800&q=60,Uzbekistan,Bukhara,Conversation,"Hi, I want to plan a trip to Uzbekistan.",,"Great! Do you prefer culture, nature, or adventure?",Shah-i-Zinda; Gur-e-Amir; Ark Fortress,"April–June, September–October",halal available,mid-range,2,"family, halal, budget"
342,"Khiva, Uzbekistan - Tour Package",You will find mosques and prayer areas near major attractions; ask at information centers for exact locations.,800,https://images.unsplash.com/photo-1506905925346-21bda4d32df4?ixlib=rb-4.0.3&auto=format&fit=crop&w=800&q=60,Uzbekistan,Khiva,Q&A,Which mosque or prayer facilities are near Khiva's main attractions?,,You will find mosques and prayer areas near major attractions; ask at information centers for exact locations.,Ark Fortress; Registan; Itchan Kala,"April–June, September–October",halal available,budget,5,"luxury, budget, nature"
343,"Jalal-Abad, Kyrgyzstan - Tour Package",Jalal-Abad in Kyrgyzstan is known for Fairy Tale Canyon and rich cultural heritage. Best time to visit: June–September. Popular foods: Beshbarmak.,2500,https://images.unsplash.com/photo-1488646953014-85cb44e25828?ixlib=rb-4.0.3&auto=format&fit=crop&w=800&q=60,Kyrgyzstan,Jalal-Abad,Destination,"Provide a short description of Jalal-Abad, Kyrgyzstan.",,Jalal-Abad in Kyrgyzstan is known for Fairy Tale Canyon and rich cultural heritage. Best time to visit: June–September. Popular foods: Beshbarmak.,Issyk-Kul Lake; Burana Tower; Fairy Tale Canyon,June–September,halal available,luxury,1,"food, nature, halal"
344,"Ashgabat, Turkmenistan - Tour Package",Turkmenistan is generally safe for tourists; follow usual travel safety precautions and check local advice for female travelers.,1500,https://images.unsplash.com/photo-1488646953014-85cb44e25828?ixlib=rb-4.0.3&auto=format&fit=crop&w=800&q=60,Turkmenistan,Ashgabat,Q&A,Is Turkmenistan safe for solo female travelers?,,Turkmenistan is generally safe for tourists; follow usual travel safety precautions and check local advice for female travelers.,Nisa Fortress; Yangykala Canyon; Darvaza Gas Crater,"April–June, September–October",halal available,mid-range,1,"halal, adventure, luxury"
345,"Almaty, Kazakhstan - Tour Package",Day 1: Explore the city highlights in Almaty. Day 2: Visit nearby cultural or nature spots. Day 3: Shopping and local cuisine. Adjust based on interes...,2500,https://images.unsplash.com/photo-1560707303-4e980ce876ad?ixlib=rb-4.0.3&auto=format&fit=crop&w=800&q=60,Kazakhstan,Almaty,Q&A,"Recommend a 3-day itinerary for Almaty, Kazakhstan.",,Day 1: Explore the city highlights in Almaty. Day 2: Visit nearby cultural or nature spots. Day 3: Shopping and local cuisine. Adjust based on interests.,Aksu-Zhabagly; Charyn Canyon; Bayterek Tower,May–September,halal available,luxury,3,"luxury, budget, family"
346,"Turkmenbashi, Turkmenistan - Tour Package","Family-friendly spots include museums, parks, and easy cultural sites in Turkmenbashi.",2500,https://images.unsplash.com/photo-1488646953014-85cb44e25828?ixlib=rb-4.0.3&auto=format&fit=crop&w=800&q=60,Turkmenistan,Turkmenbashi,Q&A,"List family-friendly attractions in Turkmenbashi, Turkmenistan.",,"Family-friendly spots include museums, parks, and easy cultural sites in Turkmenbashi.",Nisa Fortress; Ruins of Merv; Darvaza Gas Crater,"April–June, September–October",halal available,luxury,2,"budget, family, luxury"
347,"Dushanbe, Tajikistan - Tour Package","You can travel by bus, shared taxi, or domestic flight depending on distance. Check local bus timetables or domestic flights for best convenience.",800,https://images.unsplash.com/photo-1488646953014-85cb44e25828?ixlib=rb-4.0.3&auto=format&fit=crop&w=800&q=60,Tajikistan,Dushanbe,Q&A,How to get from the airport to the city center in Dushanbe?,,"You can travel by bus, shared taxi, or domestic flight depending on distance. Check local bus timetables or domestic flights for best convenience.",Pamir Mountains; Fann Mountains; Ancient Penjikent,May–September,halal available,budget,10,"luxury, family, halal"
348,"Tashkent, Uzbekistan - Tour Package","Tashkent in Uzbekistan is known for Itchan Kala and rich cultural heritage. Best time to visit: April–June, September–October. Popular foods: Plov.",1500,https://images.unsplash.com/photo-1567427217543-7c3f0533cf63?ixlib=rb-4.0.3&auto=format&fit=crop&w=800&q=60,Uzbekistan,Tashkent,Destination,"Provide a short description of Tashkent, Uzbekistan.",,"Tashkent in Uzbekistan is known for Itchan Kala and rich cultural heritage. Best time to visit: April–June, September–October. Popular foods: Plov.",Shah-i-Zinda; Gur-e-Amir; Registan,"April–June, September–October",halal available,mid-range,4,"nature, adventure, food"
349,"Turkmenbashi, Turkmenistan - Tour Package",Visa requirements vary by nationality. Check the embassy website or official government portal for the latest visa rules for Turkmenistan.,2500,https://images.unsplash.com/photo-1488646953014-85cb44e25828?ixlib=rb-4.0.3&auto=format&fit=crop&w=800&q=60,Turkmenistan,Turkmenbashi,Q&A,How do I get a visa for Turkmenistan (if needed)?,,Visa requirements vary by nationality. Check the embassy website or official government portal for the latest visa rules for Turkmenistan.,Nisa Fortress; Kunya-Urgench; Ruins of Merv,"April–June, September–October",halal available,luxury,2,"halal, family, history"
350,"Samarkand, Uzbekistan - Tour Package",Recommend cities for history & food lovers in Uzbekistan.,800,https://images.unsplash.com/photo-1584837403392-39b23aa8c9e0?ixlib=rb-4.0.3&auto=format&fit=crop&w=800&q=60,Uzbekistan,Samarkand,User_Preference,I like historical sites and local food.,,Recommend cities for history & food lovers in Uzbekistan.,Registan; Gur-e-Amir; Ark Fortress,"April–June, September–October",halal available,budget,10,"budget, luxury, history"
351,"Aktau, Kazakhstan - Tour Package",Sure — how many family members and ages?,1500,https://images.unsplash.com/photo-1488646953014-85cb44e25828?ixlib=rb-4.0.3&auto=format&fit=crop&w=800&q=60,Kazakhstan,Aktau,Conversation,Can you help me plan a family trip to Aktau?,,Sure — how many family members and ages?,Charyn Canyon; Medeu Skating Rink; Aksu-Zhabagly,May–September,halal available,mid-range,1,"nature, history, budget"
352,"Shymkent, Kazakhstan - Tour Package",Shymkent in Kazakhstan is known for Aksu-Zhabagly and rich cultural heritage. Best time to visit: May–September. Popular foods: Beshbarmak.,1500,https://images.unsplash.com/photo-1488646953014-85cb44e25828?ixlib=rb-4.0.3&auto=format&fit=crop&w=800&q=60,Kazakhstan,Shymkent,Destination,"Provide a short description of Shymkent, Kazakhstan.",,Shymkent in Kazakhstan is known for Aksu-Zhabagly and rich cultural heritage. Best time to visit: May–September. Popular foods: Beshbarmak.,Bayterek Tower; Big Almaty Lake; Medeu Skating Rink,May–September,halal available,mid-range,4,"halal, history, adventure"
353,"Shakhrisabz, Uzbekistan - Tour Package","Family-friendly spots include museums, parks, and easy cultural sites in Shakhrisabz.",2500,https://images.unsplash.com/photo-1488646953014-85cb44e25828?ixlib=rb-4.0.3&auto=format&fit=crop&w=800&q=60,Uzbekistan,Shakhrisabz,Q&A,"List family-friendly attractions in Shakhrisabz, Uzbekistan.",,"Family-friendly spots include museums, parks, and easy cultural sites in Shakhrisabz.",Shah-i-Zinda; Registan; Ark Fortress,"April–June, September–October",halal available,luxury,10,"nature, food, family"
354,"Bukhara, Uzbekistan - Tour Package",I can recommend popular halal restaurants nearby — any cuisine preference?,1500,https://images.unsplash.com/photo-1488646953014-85cb44e25828?ixlib=rb-4.0.3&auto=format&fit=crop&w=800&q=60,Uzbekistan,Bukhara,Conversation,I am looking for halal food in Bukhara.,,I can recommend popular halal restaurants nearby — any cuisine preference?,Shah-i-Zinda; Registan; Gur-e-Amir,"April–June, September–October",halal available,mid-range,4,"budget, luxury, halal"
355,"Khiva, Uzbekistan - Tour Package","Yes, Khiva has halal restaurants. Popular options include local Central Asian cuisine and some halal-certified eateries in the city center.",2500,https://images.unsplash.com/photo-1506905925346-21bda4d32df4?ixlib=rb-4.0.3&auto=format&fit=crop&w=800&q=60,Uzbekistan,Khiva,Q&A,"Are there halal restaurants in Khiva, Uzbekistan?",,"Yes, Khiva has halal restaurants. Popular options include local Central Asian cuisine and some halal-certified eateries in the city center.",Gur-e-Amir; Itchan Kala; Ark Fortress,"April–June, September–October",halal available,luxury,2,"family, halal, budget"
356,"Bishkek, Kyrgyzstan - Tour Package",Bishkek in Kyrgyzstan is known for Fairy Tale Canyon and rich cultural heritage. Best time to visit: June–September. Popular foods: Beshbarmak.,1500,https://images.unsplash.com/photo-1466427573353-ca4d2ca1ee6d?ixlib=rb-4.0.3&auto=format&fit=crop&w=800&q=60,Kyrgyzstan,Bishkek,Destination,"Provide a short description of Bishkek, Kyrgyzstan.",,Bishkek in Kyrgyzstan is known for Fairy Tale Canyon and rich cultural heritage. Best time to visit: June–September. Popular foods: Beshbarmak.,Ala-Too Square; Fairy Tale Canyon; Son-Kul Lake,June–September,halal available,mid-range,5,"nature, food, luxury"
357,"Osh, Kyrgyzstan - Tour Package",Osh in Kyrgyzstan is known for Fairy Tale Canyon and rich cultural heritage. Best time to visit: June–September. Popular foods: Beshbarmak.,1500,https://images.unsplash.com/photo-1488646953014-85cb44e25828?ixlib=rb-4.0.3&auto=format&fit=crop&w=800&q=60,Kyrgyzstan,Osh,Destination,"Provide a short description of Osh, Kyrgyzstan.",,Osh in Kyrgyzstan is known for Fairy Tale Canyon and rich cultural heritage. Best time to visit: June–September. Popular foods: Beshbarmak.,Issyk-Kul Lake; Fairy Tale Canyon; Ala-Too Square,June–September,halal available,mid-range,2,"nature, luxury, halal"
358,"Ashgabat, Turkmenistan - Tour Package",I will suggest budget guesthouses and hostels near major attractions.,1500,https://images.unsplash.com/photo-1488646953014-85cb44e25828?ixlib=rb-4.0.3&auto=format&fit=crop&w=800&q=60,Turkmenistan,Ashgabat,Conversation,"I'm on a tight budget, any cheap places to stay in Ashgabat?",,I will suggest budget guesthouses and hostels near major attractions.,Kunya-Urgench; Darvaza Gas Crater; Ruins of Merv,"April–June, September–October",halal available,mid-range,1,"adventure, halal, family"
359,"Khorog, Tajikistan - Tour Package","Popular activities include hiking, horseback riding, lake visits, and cultural walks depending on the country.",800,https://images.unsplash.com/photo-1488646953014-85cb44e25828?ixlib=rb-4.0.3&auto=format&fit=crop&w=800&q=60,Tajikistan,Khorog,Q&A,What outdoor activities are popular in Tajikistan?,,"Popular activities include hiking, horseback riding, lake visits, and cultural walks depending on the country.",Pamir Mountains; Iskanderkul; Ancient Penjikent,May–September,halal available,budget,3,"luxury, adventure, food"
360,"Turkmenbashi, Turkmenistan - Tour Package","Turkmenbashi in Turkmenistan is known for Ruins of Merv and rich cultural heritage. Best time to visit: April–June, September–October. Popular foods: ...",800,https://images.unsplash.com/photo-1488646953014-85cb44e25828?ixlib=rb-4.0.3&auto=format&fit=crop&w=800&q=60,Turkmenistan,Turkmenbashi,Destination,"Provide a short description of Turkmenbashi, Turkmenistan.",,"Turkmenbashi in Turkmenistan is known for Ruins of Merv and rich cultural heritage. Best time to visit: April–June, September–October. Popular foods: Shashlik.",Yangykala Canyon; Nisa Fortress; Ruins of Merv,"April–June, September–October",limited halal options,budget,1,"halal, nature, budget"
361,"Khorog, Tajikistan - Tour Package",Nice — do you want a city-focused or nature-focused itinerary?,1500,https://images.unsplash.com/photo-1488646953014-85cb44e25828?ixlib=rb-4.0.3&auto=format&fit=crop&w=800&q=60,Tajikistan,Khorog,Conversation,I have 7 days and want to explore Tajikistan.,,Nice — do you want a city-focused or nature-focused itinerary?,Fann Mountains; Rudaki Park; Pamir Mountains,May–September,halal available,mid-range,4,"nature, luxury, halal"
362,"Ashgabat, Turkmenistan - Tour Package",Nice — do you want a city-focused or nature-focused itinerary?,2500,https://images.unsplash.com/photo-1488646953014-85cb44e25828?ixlib=rb-4.0.3&auto=format&fit=crop&w=800&q=60,Turkmenistan,Ashgabat,Conversation,I have 7 days and want to explore Turkmenistan.,,Nice — do you want a city-focused or nature-focused itinerary?,Yangykala Canyon; Ruins of Merv; Kunya-Urgench,"April–June, September–October",halal available,luxury,1,"nature, history, family"
363,"Shakhrisabz, Uzbekistan - Tour Package","Shakhrisabz in Uzbekistan is known for Shah-i-Zinda and rich cultural heritage. Best time to visit: April–June, September–October. Popular foods: Plov...",2500,https://images.unsplash.com/photo-1488646953014-85cb44e25828?ixlib=rb-4.0.3&auto=format&fit=crop&w=800&q=60,Uzbekistan,Shakhrisabz,Destination,"Provide a short description of Shakhrisabz, Uzbekistan.",,"Shakhrisabz in Uzbekistan is known for Shah-i-Zinda and rich cultural heritage. Best time to visit: April–June, September–October. Popular foods: Plov.",Registan; Ark Fortress; Itchan Kala,"April–June, September–October",halal available,luxury,4,"food, luxury, adventure"
364,"Aktau, Kazakhstan - Tour Package",I can recommend popular halal restaurants nearby — any cuisine preference?,1500,https://images.unsplash.com/photo-1488646953014-85cb44e25828?ixlib=rb-4.0.3&auto=format&fit=crop&w=800&q=60,Kazakhstan,Aktau,Conversation,I am looking for halal food in Aktau.,,I can recommend popular halal restaurants nearby — any cuisine preference?,Medeu Skating Rink; Big Almaty Lake; Bayterek Tower,May–September,halal available,mid-range,3,"history, halal, nature"
365,"Mary, Turkmenistan - Tour Package",Nice — do you want a city-focused or nature-focused itinerary?,2500,https://images.unsplash.com/photo-1488646953014-85cb44e25828?ixlib=rb-4.0.3&auto=format&fit=crop&w=800&q=60,Turkmenistan,Mary,Conversation,I have 7 days and want to explore Turkmenistan.,,Nice — do you want a city-focused or nature-focused itinerary?,Kunya-Urgench; Ruins of Merv; Darvaza Gas Crater,"April–June, September–October",halal available,luxury,7,"food, halal, budget"
366,"Khorog, Tajikistan - Tour Package",You will find mosques and prayer areas near major attractions; ask at information centers for exact locations.,800,https://images.unsplash.com/photo-1488646953014-85cb44e25828?ixlib=rb-4.0.3&auto=format&fit=crop&w=800&q=60,Tajikistan,Khorog,Q&A,Which mosque or prayer facilities are near Khorog's main attractions?,,You will find mosques and prayer areas near major attractions; ask at information centers for exact locations.,Rudaki Park; Pamir Mountains; Iskanderkul,May–September,halal available,budget,1,"adventure, family, food"
367,"Istaravshan, Tajikistan - Tour Package",Recommend cities for history & food lovers in Tajikistan.,2500,https://images.unsplash.com/photo-1488646953014-85cb44e25828?ixlib=rb-4.0.3&auto=format&fit=crop&w=800&q=60,Tajikistan,Istaravshan,User_Preference,I like historical sites and local food.,,Recommend cities for history & food lovers in Tajikistan.,Iskanderkul; Fann Mountains; Ancient Penjikent,May–September,halal available,luxury,7,"family, budget, halal"
368,"Jalal-Abad, Kyrgyzstan - Tour Package",Jalal-Abad in Kyrgyzstan is known for Issyk-Kul Lake and rich cultural heritage. Best time to visit: June–September. Popular foods: Laghman.,800,https://images.unsplash.com/photo-1488646953014-85cb44e25828?ixlib=rb-4.0.3&auto=format&fit=crop&w=800&q=60,Kyrgyzstan,Jalal-Abad,Destination,"Provide a short description of Jalal-Abad, Kyrgyzstan.",,Jalal-Abad in Kyrgyzstan is known for Issyk-Kul Lake and rich cultural heritage. Best time to visit: June–September. Popular foods: Laghman.,Son-Kul Lake; Burana Tower; Fairy Tale Canyon,June–September,halal available,budget,5,"family, adventure, nature"
369,"Dashoguz, Turkmenistan - Tour Package","Look for guesthouses, family-run hotels, and budget hostels near the city center or transport hubs.",800,https://images.unsplash.com/photo-1488646953014-85cb44e25828?ixlib=rb-4.0.3&auto=format&fit=crop&w=800&q=60,Turkmenistan,Dashoguz,Q&A,"Suggest budget accommodation options in Dashoguz, Turkmenistan.",,"Look for guesthouses, family-run hotels, and budget hostels near the city center or transport hubs.",Nisa Fortress; Kunya-Urgench; Ruins of Merv,"April–June, September–October",halal available,budget,5,"food, adventure, nature"
370,"Almaty, Kazakhstan - Tour Package",Almaty in Kazakhstan is known for Bayterek Tower and rich cultural heritage. Best time to visit: May–September. Popular foods: Beshbarmak.,2500,https://images.unsplash.com/photo-1560707303-4e980ce876ad?ixlib=rb-4.0.3&auto=format&fit=crop&w=800&q=60,Kazakhstan,Almaty,Destination,"Provide a short description of Almaty, Kazakhstan.",,Almaty in Kazakhstan is known for Bayterek Tower and rich cultural heritage. Best time to visit: May–September. Popular foods: Beshbarmak.,Medeu Skating Rink; Aksu-Zhabagly; Charyn Canyon,May–September,halal available,luxury,10,"nature, halal, luxury"
371,"Khorog, Tajikistan - Tour Package",Sure — how many family members and ages?,2500,https://images.unsplash.com/photo-1488646953014-85cb44e25828?ixlib=rb-4.0.3&auto=format&fit=crop&w=800&q=60,Tajikistan,Khorog,Conversation,Can you help me plan a family trip to Khorog?,,Sure — how many family members and ages?,Rudaki Park; Ancient Penjikent; Iskanderkul,May–September,halal available,luxury,10,"budget, history, nature"
372,"Samarkand, Uzbekistan - Tour Package","Samarkand in Uzbekistan is known for Gur-e-Amir and rich cultural heritage. Best time to visit: April–June, September–October. Popular foods: Plov.",800,https://images.unsplash.com/photo-1584837403392-39b23aa8c9e0?ixlib=rb-4.0.3&auto=format&fit=crop&w=800&q=60,Uzbekistan,Samarkand,Destination,"Provide a short description of Samarkand, Uzbekistan.",,"Samarkand in Uzbekistan is known for Gur-e-Amir and rich cultural heritage. Best time to visit: April–June, September–October. Popular foods: Plov.",Shah-i-Zinda; Registan; Ark Fortress,"April–June, September–October",halal available,budget,3,"food, family, adventure"
373,"Balkanabat, Turkmenistan - Tour Package","Balkanabat in Turkmenistan is known for Nisa Fortress and rich cultural heritage. Best time to visit: April–June, September–October. Popular foods: Ic...",1500,https://images.unsplash.com/photo-1488646953014-85cb44e25828?ixlib=rb-4.0.3&auto=format&fit=crop&w=800&q=60,Turkmenistan,Balkanabat,Destination,"Provide a short description of Balkanabat, Turkmenistan.",,"Balkanabat in Turkmenistan is known for Nisa Fortress and rich cultural heritage. Best time to visit: April–June, September–October. Popular foods: Ichlekli.",Ruins of Merv; Kunya-Urgench; Nisa Fortress,"April–June, September–October",limited halal options,mid-range,2,"adventure, budget, luxury"
374,"Mary, Turkmenistan - Tour Package",Nice — do you want a city-focused or nature-focused itinerary?,1500,https://images.unsplash.com/photo-1488646953014-85cb44e25828?ixlib=rb-4.0.3&auto=format&fit=crop&w=800&q=60,Turkmenistan,Mary,Conversation,I have 7 days and want to explore Turkmenistan.,,Nice — do you want a city-focused or nature-focused itinerary?,Yangykala Canyon; Nisa Fortress; Darvaza Gas Crater,"April–June, September–October",halal available,mid-range,4,"nature, luxury, adventure"
375,"Khujand, Tajikistan - Tour Package","Yes, Khujand has halal restaurants. Popular options include local Central Asian cuisine and some halal-certified eateries in the city center.",800,https://images.unsplash.com/photo-1488646953014-85cb44e25828?ixlib=rb-4.0.3&auto=format&fit=crop&w=800&q=60,Tajikistan,Khujand,Q&A,"Are there halal restaurants in Khujand, Tajikistan?",,"Yes, Khujand has halal restaurants. Popular options include local Central Asian cuisine and some halal-certified eateries in the city center.",Ancient Penjikent; Rudaki Park; Iskanderkul,May–September,halal available,budget,4,"history, budget, family"
376,"Ashgabat, Turkmenistan - Tour Package","Popular activities include hiking, horseback riding, lake visits, and cultural walks depending on the country.",2500,https://images.unsplash.com/photo-1488646953014-85cb44e25828?ixlib=rb-4.0.3&auto=format&fit=crop&w=800&q=60,Turkmenistan,Ashgabat,Q&A,What outdoor activities are popular in Turkmenistan?,,"Popular activities include hiking, horseback riding, lake visits, and cultural walks depending on the country.",Ruins of Merv; Darvaza Gas Crater; Nisa Fortress,"April–June, September–October",halal available,luxury,4,"halal, budget, history"
377,"Dashoguz, Turkmenistan - Tour Package",You will find mosques and prayer areas near major attractions; ask at information centers for exact locations.,2500,https://images.unsplash.com/photo-1488646953014-85cb44e25828?ixlib=rb-4.0.3&auto=format&fit=crop&w=800&q=60,Turkmenistan,Dashoguz,Q&A,Which mosque or prayer facilities are near Dashoguz's main attractions?,,You will find mosques and prayer areas near major attractions; ask at information centers for exact locations.,Kunya-Urgench; Yangykala Canyon; Ruins of Merv,"April–June, September–October",halal available,luxury,10,"nature, adventure, luxury"
378,"Naryn, Kyrgyzstan - Tour Package","Great! Do you prefer culture, nature, or adventure?",2500,https://images.unsplash.com/photo-1488646953014-85cb44e25828?ixlib=rb-4.0.3&auto=format&fit=crop&w=800&q=60,Kyrgyzstan,Naryn,Conversation,"Hi, I want to plan a trip to Kyrgyzstan.",,"Great! Do you prefer culture, nature, or adventure?",Burana Tower; Son-Kul Lake; Issyk-Kul Lake,June–September,halal available,luxury,7,"history, family, budget"
379,"Shakhrisabz, Uzbekistan - Tour Package","Popular activities include hiking, horseback riding, lake visits, and cultural walks depending on the country.",800,https://images.unsplash.com/photo-1488646953014-85cb44e25828?ixlib=rb-4.0.3&auto=format&fit=crop&w=800&q=60,Uzbekistan,Shakhrisabz,Q&A,What outdoor activities are popular in Uzbekistan?,,"Popular activities include hiking, horseback riding, lake visits, and cultural walks depending on the country.",Gur-e-Amir; Ark Fortress; Shah-i-Zinda,"April–June, September–October",halal available,budget,4,"family, food, luxury"
380,"Panjakent, Tajikistan - Tour Package",Tajikistan offers diverse travel experiences; let me know your interests.,2500,https://images.unsplash.com/photo-1488646953014-85cb44e25828?ixlib=rb-4.0.3&auto=format&fit=crop&w=800&q=60,Tajikistan,Panjakent,Q&A,How can I travel from Panjakent to the capital of Tajikistan?,,Tajikistan offers diverse travel experiences; let me know your interests.,Rudaki Park; Pamir Mountains; Ancient Penjikent,May–September,halal available,luxury,4,"food, luxury, family"
381,"Dashoguz, Turkmenistan - Tour Package",Turkmenistan offers diverse travel experiences; let me know your interests.,800,https://images.unsplash.com/photo-1488646953014-85cb44e25828?ixlib=rb-4.0.3&auto=format&fit=crop&w=800&q=60,Turkmenistan,Dashoguz,Q&A,How can I travel from Dashoguz to the capital of Turkmenistan?,,Turkmenistan offers diverse travel experiences; let me know your interests.,Yangykala Canyon; Nisa Fortress; Kunya-Urgench,"April–June, September–October",halal available,budget,10,"nature, halal, luxury"
382,"Khujand, Tajikistan - Tour Package",Visa requirements vary by nationality. Check the embassy website or official government portal for the latest visa rules for Tajikistan.,2500,https://images.unsplash.com/photo-1488646953014-85cb44e25828?ixlib=rb-4.0.3&auto=format&fit=crop&w=800&q=60,Tajikistan,Khujand,Q&A,How do I get a visa for Tajikistan (if needed)?,,Visa requirements vary by nationality. Check the embassy website or official government portal for the latest visa rules for Tajikistan.,Rudaki Park; Fann Mountains; Ancient Penjikent,May–September,halal available,luxury,7,"history, nature, adventure"
383,"Tashkent, Uzbekistan - Tour Package",Sure — how many family members and ages?,800,https://images.unsplash.com/photo-1567427217543-7c3f0533cf63?ixlib=rb-4.0.3&auto=format&fit=crop&w=800&q=60,Uzbekistan,Tashkent,Conversation,Can you help me plan a family trip to Tashkent?,,Sure — how many family members and ages?,Shah-i-Zinda; Itchan Kala; Registan,"April–June, September–October",halal available,budget,3,"nature, family, history"
384,"Istaravshan, Tajikistan - Tour Package",Istaravshan in Tajikistan is known for Ancient Penjikent and rich cultural heritage. Best time to visit: May–September. Popular foods: Osh.,1500,https://images.unsplash.com/photo-1488646953014-85cb44e25828?ixlib=rb-4.0.3&auto=format&fit=crop&w=800&q=60,Tajikistan,Istaravshan,Destination,"Provide a short description of Istaravshan, Tajikistan.",,Istaravshan in Tajikistan is known for Ancient Penjikent and rich cultural heritage. Best time to visit: May–September. Popular foods: Osh.,Ancient Penjikent; Iskanderkul; Rudaki Park,May–September,halal available,mid-range,1,"adventure, budget, halal"
385,"Turkmenbashi, Turkmenistan - Tour Package",You will find mosques and prayer areas near major attractions; ask at information centers for exact locations.,800,https://images.unsplash.com/photo-1488646953014-85cb44e25828?ixlib=rb-4.0.3&auto=format&fit=crop&w=800&q=60,Turkmenistan,Turkmenbashi,Q&A,Which mosque or prayer facilities are near Turkmenbashi's main attractions?,,You will find mosques and prayer areas near major attractions; ask at information centers for exact locations.,Yangykala Canyon; Ruins of Merv; Nisa Fortress,"April–June, September–October",halal available,budget,3,"adventure, halal, history"
386,"Almaty, Kazakhstan - Tour Package",Suggest budget-friendly destinations and tips in Kazakhstan.,2500,https://images.unsplash.com/photo-1560707303-4e980ce876ad?ixlib=rb-4.0.3&auto=format&fit=crop&w=800&q=60,Kazakhstan,Almaty,User_Preference,I travel on a budget.,,Suggest budget-friendly destinations and tips in Kazakhstan.,Bayterek Tower; Big Almaty Lake; Medeu Skating Rink,May–September,halal available,luxury,1,"nature, history, family"
387,"Jalal-Abad, Kyrgyzstan - Tour Package",List halal-friendly cities and facilities in Kyrgyzstan.,800,https://images.unsplash.com/photo-1488646953014-85cb44e25828?ixlib=rb-4.0.3&auto=format&fit=crop&w=800&q=60,Kyrgyzstan,Jalal-Abad,User_Preference,I need halal-friendly accommodation and nearby mosques.,,List halal-friendly cities and facilities in Kyrgyzstan.,Burana Tower; Fairy Tale Canyon; Ala-Too Square,June–September,halal available,budget,4,"budget, family, history"
388,"Osh, Kyrgyzstan - Tour Package",Osh in Kyrgyzstan is known for Ala-Too Square and rich cultural heritage. Best time to visit: June–September. Popular foods: Kuurdak.,2500,https://images.unsplash.com/photo-1488646953014-85cb44e25828?ixlib=rb-4.0.3&auto=format&fit=crop&w=800&q=60,Kyrgyzstan,Osh,Destination,"Provide a short description of Osh, Kyrgyzstan.",,Osh in Kyrgyzstan is known for Ala-Too Square and rich cultural heritage. Best time to visit: June–September. Popular foods: Kuurdak.,Ala-Too Square; Burana Tower; Issyk-Kul Lake,June–September,limited halal options,luxury,3,"family, halal, adventure"
389,"Panjakent, Tajikistan - Tour Package",Panjakent in Tajikistan is known for Pamir Mountains and rich cultural heritage. Best time to visit: May–September. Popular foods: Osh.,1500,https://images.unsplash.com/photo-1488646953014-85cb44e25828?ixlib=rb-4.0.3&auto=format&fit=crop&w=800&q=60,Tajikistan,Panjakent,Destination,"Provide a short description of Panjakent, Tajikistan.",,Panjakent in Tajikistan is known for Pamir Mountains and rich cultural heritage. Best time to visit: May–September. Popular foods: Osh.,Rudaki Park; Ancient Penjikent; Fann Mountains,May–September,halal available,mid-range,1,"family, history, adventure"
390,"Astana, Kazakhstan - Tour Package",Sure — how many family members and ages?,800,https://images.unsplash.com/photo-1488646953014-85cb44e25828?ixlib=rb-4.0.3&auto=format&fit=crop&w=800&q=60,Kazakhstan,Astana,Conversation,Can you help me plan a family trip to Astana?,,Sure — how many family members and ages?,Bayterek Tower; Charyn Canyon; Aksu-Zhabagly,May–September,halal available,budget,3,"nature, adventure, halal"
391,"Bishkek, Kyrgyzstan - Tour Package",Bishkek in Kyrgyzstan is known for Issyk-Kul Lake and rich cultural heritage. Best time to visit: June–September. Popular foods: Laghman.,1500,https://images.unsplash.com/photo-1466427573353-ca4d2ca1ee6d?ixlib=rb-4.0.3&auto=format&fit=crop&w=800&q=60,Kyrgyzstan,Bishkek,Destination,"Provide a short description of Bishkek, Kyrgyzstan.",,Bishkek in Kyrgyzstan is known for Issyk-Kul Lake and rich cultural heritage. Best time to visit: June–September. Popular foods: Laghman.,Burana Tower; Fairy Tale Canyon; Ala-Too Square,June–September,halal available,mid-range,2,"adventure, luxury, halal"
392,"Astana, Kazakhstan - Tour Package",I can recommend popular halal restaurants nearby — any cuisine preference?,2500,https://images.unsplash.com/photo-1488646953014-85cb44e25828?ixlib=rb-4.0.3&auto=format&fit=crop&w=800&q=60,Kazakhstan,Astana,Conversation,I am looking for halal food in Astana.,,I can recommend popular halal restaurants nearby — any cuisine preference?,Medeu Skating Rink; Aksu-Zhabagly; Charyn Canyon,May–September,halal available,luxury,3,"food, budget, history"
393,"Tashkent, Uzbekistan - Tour Package","Tashkent in Uzbekistan is known for Itchan Kala and rich cultural heritage. Best time to visit: April–June, September–October. Popular foods: Shashlik...",1500,https://images.unsplash.com/photo-1567427217543-7c3f0533cf63?ixlib=rb-4.0.3&auto=format&fit=crop&w=800&q=60,Uzbekistan,Tashkent,Destination,"Provide a short description of Tashkent, Uzbekistan.",,"Tashkent in Uzbekistan is known for Itchan Kala and rich cultural heritage. Best time to visit: April–June, September–October. Popular foods: Shashlik.",Registan; Shah-i-Zinda; Gur-e-Amir,"April–June, September–October",halal available,mid-range,4,"family, adventure, nature"
394,"Turkmenbashi, Turkmenistan - Tour Package",You will find mosques and prayer areas near major attractions; ask at information centers for exact locations.,1500,https://images.unsplash.com/photo-1488646953014-85cb44e25828?ixlib=rb-4.0.3&auto=format&fit=crop&w=800&q=60,Turkmenistan,Turkmenbashi,Q&A,Which mosque or prayer facilities are near Turkmenbashi's main attractions?,,You will find mosques and prayer areas near major attractions; ask at information centers for exact locations.,Yangykala Canyon; Ruins of Merv; Darvaza Gas Crater,"April–June, September–October",halal available,mid-range,4,"history, family, food"
395,"Khujand, Tajikistan - Tour Package",Khujand in Tajikistan is known for Iskanderkul and rich cultural heritage. Best time to visit: May–September. Popular foods: Shurbo.,800,https://images.unsplash.com/photo-1488646953014-85cb44e25828?ixlib=rb-4.0.3&auto=format&fit=crop&w=800&q=60,Tajikistan,Khujand,Destination,"Provide a short description of Khujand, Tajikistan.",,Khujand in Tajikistan is known for Iskanderkul and rich cultural heritage. Best time to visit: May–September. Popular foods: Shurbo.,Ancient Penjikent; Rudaki Park; Pamir Mountains,May–September,halal available,budget,7,"adventure, luxury, family"
396,"Bukhara, Uzbekistan - Tour Package","Look for guesthouses, family-run hotels, and budget hostels near the city center or transport hubs.",1500,https://images.unsplash.com/photo-1488646953014-85cb44e25828?ixlib=rb-4.0.3&auto=format&fit=crop&w=800&q=60,Uzbekistan,Bukhara,Q&A,"Suggest budget accommodation options in Bukhara, Uzbekistan.",,"Look for guesthouses, family-run hotels, and budget hostels near the city center or transport hubs.",Ark Fortress; Gur-e-Amir; Shah-i-Zinda,"April–June, September–October",halal available,mid-range,4,"halal, food, nature"
397,"Istaravshan, Tajikistan - Tour Package","Family-friendly spots include museums, parks, and easy cultural sites in Istaravshan.",800,https://images.unsplash.com/photo-1488646953014-85cb44e25828?ixlib=rb-4.0.3&auto=format&fit=crop&w=800&q=60,Tajikistan,Istaravshan,Q&A,"List family-friendly attractions in Istaravshan, Tajikistan.",,"Family-friendly spots include museums, parks, and easy cultural sites in Istaravshan.",Fann Mountains; Ancient Penjikent; Pamir Mountains,May–September,halal available,budget,5,"food, family, halal"
398,"Almaty, Kazakhstan - Tour Package",Nice — do you want a city-focused or nature-focused itinerary?,2500,https://images.unsplash.com/photo-1560707303-4e980ce876ad?ixlib=rb-4.0.3&auto=format&fit=crop&w=800&q=60,Kazakhstan,Almaty,Conversation,I have 7 days and want to explore Kazakhstan.,,Nice — do you want a city-focused or nature-focused itinerary?,Aksu-Zhabagly; Big Almaty Lake; Medeu Skating Rink,May–September,halal available,luxury,2,"luxury, budget, history"
399,"Karaganda, Kazakhstan - Tour Package",Karaganda in Kazakhstan is known for Aksu-Zhabagly and rich cultural heritage. Best time to visit: May–September. Popular foods: Baursak.,2500,https://images.unsplash.com/photo-1488646953014-85cb44e25828?ixlib=rb-4.0.3&auto=format&fit=crop&w=800&q=60,Kazakhstan,Karaganda,Destination,"Provide a short description of Karaganda, Kazakhstan.",,Karaganda in Kazakhstan is known for Aksu-Zhabagly and rich cultural heritage. Best time to visit: May–September. Popular foods: Baursak.,Bayterek Tower; Big Almaty Lake; Medeu Skating Rink,May–September,halal available,luxury,1,"budget, history, halal"
400,"Almaty, Kazakhstan - Tour Package",Kazakhstan offers diverse travel experiences; let me know your interests.,1500,https://images.unsplash.com/photo-1560707303-4e980ce876ad?ixlib=rb-4.0.3&auto=format&fit=crop&w=800&q=60,Kazakhstan,Almaty,Q&A,How can I travel from Almaty to the capital of Kazakhstan?,,Kazakhstan offers diverse travel experiences; let me know your interests.,Big Almaty Lake; Charyn Canyon; Medeu Skating Rink,May–September,halal available,mid-range,3,"halal, family, budget"
401,"Karakol, Kyrgyzstan - Tour Package","Top attractions in Kyrgyzstan include Burana Tower, Issyk-Kul Lake, Fairy Tale Canyon.",2500,https://images.unsplash.com/photo-1488646953014-85cb44e25828?ixlib=rb-4.0.3&auto=format&fit=crop&w=800&q=60,Kyrgyzstan,Karakol,Q&A,"Suggest top places to visit in Karakol, Kyrgyzstan.",,"Top attractions in Kyrgyzstan include Burana Tower, Issyk-Kul Lake, Fairy Tale Canyon.",Fairy Tale Canyon; Issyk-Kul Lake; Son-Kul Lake,June–September,halal available,luxury,5,"luxury, budget, halal"
402,"Dushanbe, Tajikistan - Tour Package",Tajikistan offers diverse travel experiences; let me know your interests.,1500,https://images.unsplash.com/photo-1488646953014-85cb44e25828?ixlib=rb-4.0.3&auto=format&fit=crop&w=800&q=60,Tajikistan,Dushanbe,Q&A,How can I travel from Dushanbe to the capital of Tajikistan?,,Tajikistan offers diverse travel experiences; let me know your interests.,Rudaki Park; Pamir Mountains; Iskanderkul,May–September,halal available,mid-range,4,"budget, luxury, history"
403,"Samarkand, Uzbekistan - Tour Package",Day 1: Explore the city highlights in Samarkand. Day 2: Visit nearby cultural or nature spots. Day 3: Shopping and local cuisine. Adjust based on inte...,2500,https://images.unsplash.com/photo-1584837403392-39b23aa8c9e0?ixlib=rb-4.0.3&auto=format&fit=crop&w=800&q=60,Uzbekistan,Samarkand,Q&A,"Recommend a 3-day itinerary for Samarkand, Uzbekistan.",,Day 1: Explore the city highlights in Samarkand. Day 2: Visit nearby cultural or nature spots. Day 3: Shopping and local cuisine. Adjust based on interests.,Ark Fortress; Shah-i-Zinda; Itchan Kala,"April–June, September–October",halal available,luxury,4,"family, adventure, food"
404,"Balkanabat, Turkmenistan - Tour Package",Suggest budget-friendly destinations and tips in Turkmenistan.,800,https://images.unsplash.com/photo-1488646953014-85cb44e25828?ixlib=rb-4.0.3&auto=format&fit=crop&w=800&q=60,Turkmenistan,Balkanabat,User_Preference,I travel on a budget.,,Suggest budget-friendly destinations and tips in Turkmenistan.,Ruins of Merv; Yangykala Canyon; Darvaza Gas Crater,"April–June, September–October",halal available,budget,7,"family, halal, budget"
405,"Samarkand, Uzbekistan - Tour Package","Top attractions in Uzbekistan include Registan, Shah-i-Zinda, Gur-e-Amir.",2500,https://images.unsplash.com/photo-1584837403392-39b23aa8c9e0?ixlib=rb-4.0.3&auto=format&fit=crop&w=800&q=60,Uzbekistan,Samarkand,Q&A,"Suggest top places to visit in Samarkand, Uzbekistan.",,"Top attractions in Uzbekistan include Registan, Shah-i-Zinda, Gur-e-Amir.",Shah-i-Zinda; Registan; Itchan Kala,"April–June, September–October",halal available,luxury,10,"nature, history, food"
406,"Mary, Turkmenistan - Tour Package","You can travel by bus, shared taxi, or domestic flight depending on distance. Check local bus timetables or domestic flights for best convenience.",1500,https://images.unsplash.com/photo-1488646953014-85cb44e25828?ixlib=rb-4.0.3&auto=format&fit=crop&w=800&q=60,Turkmenistan,Mary,Q&A,How to get from the airport to the city center in Mary?,,"You can travel by bus, shared taxi, or domestic flight depending on distance. Check local bus timetables or domestic flights for best convenience.",Kunya-Urgench; Nisa Fortress; Darvaza Gas Crater,"April–June, September–October",halal available,mid-range,4,"food, nature, family"
407,"Almaty, Kazakhstan - Tour Package",Day 1: Explore the city highlights in Almaty. Day 2: Visit nearby cultural or nature spots. Day 3: Shopping and local cuisine. Adjust based on interes...,2500,https://images.unsplash.com/photo-1560707303-4e980ce876ad?ixlib=rb-4.0.3&auto=format&fit=crop&w=800&q=60,Kazakhstan,Almaty,Q&A,"Recommend a 3-day itinerary for Almaty, Kazakhstan.",,Day 1: Explore the city highlights in Almaty. Day 2: Visit nearby cultural or nature spots. Day 3: Shopping and local cuisine. Adjust based on interests.,Bayterek Tower; Big Almaty Lake; Medeu Skating Rink,May–September,limited halal options,luxury,3,"luxury, nature, halal"
408,"Mary, Turkmenistan - Tour Package","Mary in Turkmenistan is known for Kunya-Urgench and rich cultural heritage. Best time to visit: April–June, September–October. Popular foods: Shashlik...",2500,https://images.unsplash.com/photo-1488646953014-85cb44e25828?ixlib=rb-4.0.3&auto=format&fit=crop&w=800&q=60,Turkmenistan,Mary,Destination,"Provide a short description of Mary, Turkmenistan.",,"Mary in Turkmenistan is known for Kunya-Urgench and rich cultural heritage. Best time to visit: April–June, September–October. Popular foods: Shashlik.",Yangykala Canyon; Kunya-Urgench; Nisa Fortress,"April–June, September–October",halal available,luxury,3,"halal, adventure, family"
409,"Almaty, Kazakhstan - Tour Package",Almaty in Kazakhstan is known for Bayterek Tower and rich cultural heritage. Best time to visit: May–September. Popular foods: Kurt.,2500,https://images.unsplash.com/photo-1560707303-4e980ce876ad?ixlib=rb-4.0.3&auto=format&fit=crop&w=800&q=60,Kazakhstan,Almaty,Destination,"Provide a short description of Almaty, Kazakhstan.",,Almaty in Kazakhstan is known for Bayterek Tower and rich cultural heritage. Best time to visit: May–September. Popular foods: Kurt.,Bayterek Tower; Medeu Skating Rink; Big Almaty Lake,May–September,halal available,luxury,10,"food, luxury, budget"
410,"Panjakent, Tajikistan - Tour Package","You can travel by bus, shared taxi, or domestic flight depending on distance. Check local bus timetables or domestic flights for best convenience.",1500,https://images.unsplash.com/photo-1488646953014-85cb44e25828?ixlib=rb-4.0.3&auto=format&fit=crop&w=800&q=60,Tajikistan,Panjakent,Q&A,How to get from the airport to the city center in Panjakent?,,"You can travel by bus, shared taxi, or domestic flight depending on distance. Check local bus timetables or domestic flights for best convenience.",Rudaki Park; Ancient Penjikent; Pamir Mountains,May–September,halal available,mid-range,10,"family, luxury, nature"
411,"Shakhrisabz, Uzbekistan - Tour Package",Uzbekistan is generally safe for tourists; follow usual travel safety precautions and check local advice for female travelers.,2500,https://images.unsplash.com/photo-1488646953014-85cb44e25828?ixlib=rb-4.0.3&auto=format&fit=crop&w=800&q=60,Uzbekistan,Shakhrisabz,Q&A,Is Uzbekistan safe for solo female travelers?,,Uzbekistan is generally safe for tourists; follow usual travel safety precautions and check local advice for female travelers.,Shah-i-Zinda; Itchan Kala; Gur-e-Amir,"April–June, September–October",halal available,luxury,7,"budget, luxury, adventure"
412,"Shymkent, Kazakhstan - Tour Package","Popular activities include hiking, horseback riding, lake visits, and cultural walks depending on the country.",2500,https://images.unsplash.com/photo-1488646953014-85cb44e25828?ixlib=rb-4.0.3&auto=format&fit=crop&w=800&q=60,Kazakhstan,Shymkent,Q&A,What outdoor activities are popular in Kazakhstan?,,"Popular activities include hiking, horseback riding, lake visits, and cultural walks depending on the country.",Medeu Skating Rink; Bayterek Tower; Aksu-Zhabagly,May–September,halal available,luxury,10,"family, adventure, nature"
413,"Samarkand, Uzbekistan - Tour Package","Top attractions in Uzbekistan include Itchan Kala, Shah-i-Zinda, Gur-e-Amir.",800,https://images.unsplash.com/photo-1584837403392-39b23aa8c9e0?ixlib=rb-4.0.3&auto=format&fit=crop&w=800&q=60,Uzbekistan,Samarkand,Q&A,"Suggest top places to visit in Samarkand, Uzbekistan.",,"Top attractions in Uzbekistan include Itchan Kala, Shah-i-Zinda, Gur-e-Amir.",Shah-i-Zinda; Itchan Kala; Registan,"April–June, September–October",halal available,budget,1,"history, nature, luxury"
414,"Karakol, Kyrgyzstan - Tour Package","Try local dishes like Kuurdak, Beshbarmak when in Karakol.",800,https://images.unsplash.com/photo-1488646953014-85cb44e25828?ixlib=rb-4.0.3&auto=format&fit=crop&w=800&q=60,Kyrgyzstan,Karakol,Q&A,What local dishes should I try in Karakol?,,"Try local dishes like Kuurdak, Beshbarmak when in Karakol.",Issyk-Kul Lake; Ala-Too Square; Son-Kul Lake,June–September,halal available,budget,3,"budget, food, adventure"
415,"Naryn, Kyrgyzstan - Tour Package",Naryn in Kyrgyzstan is known for Ala-Too Square and rich cultural heritage. Best time to visit: June–September. Popular foods: Laghman.,1500,https://images.unsplash.com/photo-1488646953014-85cb44e25828?ixlib=rb-4.0.3&auto=format&fit=crop&w=800&q=60,Kyrgyzstan,Naryn,Destination,"Provide a short description of Naryn, Kyrgyzstan.",,Naryn in Kyrgyzstan is known for Ala-Too Square and rich cultural heritage. Best time to visit: June–September. Popular foods: Laghman.,Ala-Too Square; Issyk-Kul Lake; Fairy Tale Canyon,June–September,halal available,mid-range,1,"luxury, nature, budget"
416,"Naryn, Kyrgyzstan - Tour Package","Great! Do you prefer culture, nature, or adventure?",800,https://images.unsplash.com/photo-1488646953014-85cb44e25828?ixlib=rb-4.0.3&auto=format&fit=crop&w=800&q=60,Kyrgyzstan,Naryn,Conversation,"Hi, I want to plan a trip to Kyrgyzstan.",,"Great! Do you prefer culture, nature, or adventure?",Issyk-Kul Lake; Son-Kul Lake; Fairy Tale Canyon,June–September,halal available,budget,2,"luxury, halal, history"
417,"Mary, Turkmenistan - Tour Package","Mary in Turkmenistan is known for Nisa Fortress and rich cultural heritage. Best time to visit: April–June, September–October. Popular foods: Plov.",2500,https://images.unsplash.com/photo-1488646953014-85cb44e25828?ixlib=rb-4.0.3&auto=format&fit=crop&w=800&q=60,Turkmenistan,Mary,Destination,"Provide a short description of Mary, Turkmenistan.",,"Mary in Turkmenistan is known for Nisa Fortress and rich cultural heritage. Best time to visit: April–June, September–October. Popular foods: Plov.",Ruins of Merv; Darvaza Gas Crater; Nisa Fortress,"April–June, September–October",limited halal options,luxury,1,"family, adventure, halal"
418,"Osh, Kyrgyzstan - Tour Package","Top attractions in Kyrgyzstan include Issyk-Kul Lake, Ala-Too Square, Son-Kul Lake.",1500,https://images.unsplash.com/photo-1488646953014-85cb44e25828?ixlib=rb-4.0.3&auto=format&fit=crop&w=800&q=60,Kyrgyzstan,Osh,Q&A,What are the top tourist attractions in Kyrgyzstan?,,"Top attractions in Kyrgyzstan include Issyk-Kul Lake, Ala-Too Square, Son-Kul Lake.",Son-Kul Lake; Burana Tower; Ala-Too Square,June–September,halal available,mid-range,5,"nature, adventure, luxury"
419,"Tashkent, Uzbekistan - Tour Package","Tashkent in Uzbekistan is known for Itchan Kala and rich cultural heritage. Best time to visit: April–June, September–October. Popular foods: Shashlik...",800,https://images.unsplash.com/photo-1567427217543-7c3f0533cf63?ixlib=rb-4.0.3&auto=format&fit=crop&w=800&q=60,Uzbekistan,Tashkent,Destination,"Provide a short description of Tashkent, Uzbekistan.",,"Tashkent in Uzbekistan is known for Itchan Kala and rich cultural heritage. Best time to visit: April–June, September–October. Popular foods: Shashlik.",Shah-i-Zinda; Gur-e-Amir; Itchan Kala,"April–June, September–October",halal available,budget,2,"luxury, history, halal"
420,"Turkmenbashi, Turkmenistan - Tour Package",Recommend cities for history & food lovers in Turkmenistan.,2500,https://images.unsplash.com/photo-1488646953014-85cb44e25828?ixlib=rb-4.0.3&auto=format&fit=crop&w=800&q=60,Turkmenistan,Turkmenbashi,User_Preference,I like historical sites and local food.,,Recommend cities for history & food lovers in Turkmenistan.,Darvaza Gas Crater; Nisa Fortress; Kunya-Urgench,"April–June, September–October",halal available,luxury,10,"nature, luxury, adventure"
421,"Shymkent, Kazakhstan - Tour Package",List halal-friendly cities and facilities in Kazakhstan.,1500,https://images.unsplash.com/photo-1488646953014-85cb44e25828?ixlib=rb-4.0.3&auto=format&fit=crop&w=800&q=60,Kazakhstan,Shymkent,User_Preference,I need halal-friendly accommodation and nearby mosques.,,List halal-friendly cities and facilities in Kazakhstan.,Big Almaty Lake; Medeu Skating Rink; Charyn Canyon,May–September,halal available,mid-range,7,"food, luxury, history"
422,"Istaravshan, Tajikistan - Tour Package",Istaravshan in Tajikistan is known for Ancient Penjikent and rich cultural heritage. Best time to visit: May–September. Popular foods: Shurbo.,1500,https://images.unsplash.com/photo-1488646953014-85cb44e25828?ixlib=rb-4.0.3&auto=format&fit=crop&w=800&q=60,Tajikistan,Istaravshan,Destination,"Provide a short description of Istaravshan, Tajikistan.",,Istaravshan in Tajikistan is known for Ancient Penjikent and rich cultural heritage. Best time to visit: May–September. Popular foods: Shurbo.,Rudaki Park; Pamir Mountains; Fann Mountains,May–September,halal available,mid-range,3,"luxury, food, family"
423,"Mary, Turkmenistan - Tour Package","The best time to visit Turkmenistan is April–June, September–October.",1500,https://images.unsplash.com/photo-1488646953014-85cb44e25828?ixlib=rb-4.0.3&auto=format&fit=crop&w=800&q=60,Turkmenistan,Mary,Q&A,What is the best time to visit Turkmenistan?,,"The best time to visit Turkmenistan is April–June, September–October.",Kunya-Urgench; Nisa Fortress; Ruins of Merv,"April–June, September–October",halal available,mid-range,1,"budget, halal, nature"
424,"Shakhrisabz, Uzbekistan - Tour Package",I will suggest budget guesthouses and hostels near major attractions.,2500,https://images.unsplash.com/photo-1488646953014-85cb44e25828?ixlib=rb-4.0.3&auto=format&fit=crop&w=800&q=60,Uzbekistan,Shakhrisabz,Conversation,"I'm on a tight budget, any cheap places to stay in Shakhrisabz?",,I will suggest budget guesthouses and hostels near major attractions.,Gur-e-Amir; Ark Fortress; Itchan Kala,"April–June, September–October",halal available,luxury,10,"budget, nature, family"
425,"Panjakent, Tajikistan - Tour Package",Tajikistan offers diverse travel experiences; let me know your interests.,800,https://images.unsplash.com/photo-1488646953014-85cb44e25828?ixlib=rb-4.0.3&auto=format&fit=crop&w=800&q=60,Tajikistan,Panjakent,Q&A,How can I travel from Panjakent to the capital of Tajikistan?,,Tajikistan offers diverse travel experiences; let me know your interests.,Fann Mountains; Rudaki Park; Ancient Penjikent,May–September,halal available,budget,5,"nature, history, luxury"
426,"Almaty, Kazakhstan - Tour Package","Try local dishes like Beshbarmak, Baursak when in Almaty.",2500,https://images.unsplash.com/photo-1560707303-4e980ce876ad?ixlib=rb-4.0.3&auto=format&fit=crop&w=800&q=60,Kazakhstan,Almaty,Q&A,What local dishes should I try in Almaty?,,"Try local dishes like Beshbarmak, Baursak when in Almaty.",Charyn Canyon; Big Almaty Lake; Bayterek Tower,May–September,halal available,luxury,7,"family, history, food"
427,"Aktau, Kazakhstan - Tour Package","Great! Do you prefer culture, nature, or adventure?",2500,https://images.unsplash.com/photo-1488646953014-85cb44e25828?ixlib=rb-4.0.3&auto=format&fit=crop&w=800&q=60,Kazakhstan,Aktau,Conversation,"Hi, I want to plan a trip to Kazakhstan.",,"Great! Do you prefer culture, nature, or adventure?",Medeu Skating Rink; Big Almaty Lake; Charyn Canyon,May–September,halal available,luxury,1,"halal, family, luxury"
428,"Khorog, Tajikistan - Tour Package","Great! Do you prefer culture, nature, or adventure?",800,https://images.unsplash.com/photo-1488646953014-85cb44e25828?ixlib=rb-4.0.3&auto=format&fit=crop&w=800&q=60,Tajikistan,Khorog,Conversation,"Hi, I want to plan a trip to Tajikistan.",,"Great! Do you prefer culture, nature, or adventure?",Ancient Penjikent; Fann Mountains; Rudaki Park,May–September,halal available,budget,10,"family, history, nature"
429,"Ashgabat, Turkmenistan - Tour Package","Yes, Ashgabat has halal restaurants. Popular options include local Central Asian cuisine and some halal-certified eateries in the city center.",2500,https://images.unsplash.com/photo-1488646953014-85cb44e25828?ixlib=rb-4.0.3&auto=format&fit=crop&w=800&q=60,Turkmenistan,Ashgabat,Q&A,"Are there halal restaurants in Ashgabat, Turkmenistan?",,"Yes, Ashgabat has halal restaurants. Popular options include local Central Asian cuisine and some halal-certified eateries in the city center.",Yangykala Canyon; Kunya-Urgench; Darvaza Gas Crater,"April–June, September–October",halal available,luxury,2,"food, family, halal"
430,"Dashoguz, Turkmenistan - Tour Package",I will suggest budget guesthouses and hostels near major attractions.,800,https://images.unsplash.com/photo-1488646953014-85cb44e25828?ixlib=rb-4.0.3&auto=format&fit=crop&w=800&q=60,Turkmenistan,Dashoguz,Conversation,"I'm on a tight budget, any cheap places to stay in Dashoguz?",,I will suggest budget guesthouses and hostels near major attractions.,Nisa Fortress; Kunya-Urgench; Yangykala Canyon,"April–June, September–October",halal available,budget,2,"food, family, adventure"
431,"Turkmenbashi, Turkmenistan - Tour Package","Turkmenbashi in Turkmenistan is known for Yangykala Canyon and rich cultural heritage. Best time to visit: April–June, September–October. Popular food...",1500,https://images.unsplash.com/photo-1488646953014-85cb44e25828?ixlib=rb-4.0.3&auto=format&fit=crop&w=800&q=60,Turkmenistan,Turkmenbashi,Destination,"Provide a short description of Turkmenbashi, Turkmenistan.",,"Turkmenbashi in Turkmenistan is known for Yangykala Canyon and rich cultural heritage. Best time to visit: April–June, September–October. Popular foods: Shashlik.",Kunya-Urgench; Nisa Fortress; Ruins of Merv,"April–June, September–October",halal available,mid-range,10,"halal, adventure, luxury"
432,"Khorog, Tajikistan - Tour Package",Khorog in Tajikistan is known for Ancient Penjikent and rich cultural heritage. Best time to visit: May–September. Popular foods: Shurbo.,1500,https://images.unsplash.com/photo-1488646953014-85cb44e25828?ixlib=rb-4.0.3&auto=format&fit=crop&w=800&q=60,Tajikistan,Khorog,Destination,"Provide a short description of Khorog, Tajikistan.",,Khorog in Tajikistan is known for Ancient Penjikent and rich cultural heritage. Best time to visit: May–September. Popular foods: Shurbo.,Pamir Mountains; Rudaki Park; Fann Mountains,May–September,limited halal options,mid-range,3,"luxury, adventure, budget"
433,"Tashkent, Uzbekistan - Tour Package",Recommend cities for history & food lovers in Uzbekistan.,800,https://images.unsplash.com/photo-1567427217543-7c3f0533cf63?ixlib=rb-4.0.3&auto=format&fit=crop&w=800&q=60,Uzbekistan,Tashkent,User_Preference,I like historical sites and local food.,,Recommend cities for history & food lovers in Uzbekistan.,Shah-i-Zinda; Gur-e-Amir; Itchan Kala,"April–June, September–October",halal available,budget,2,"halal, history, luxury"
434,"Jalal-Abad, Kyrgyzstan - Tour Package",Jalal-Abad in Kyrgyzstan is known for Fairy Tale Canyon and rich cultural heritage. Best time to visit: June–September. Popular foods: Kuurdak.,800,https://images.unsplash.com/photo-1488646953014-85cb44e25828?ixlib=rb-4.0.3&auto=format&fit=crop&w=800&q=60,Kyrgyzstan,Jalal-Abad,Destination,"Provide a short description of Jalal-Abad, Kyrgyzstan.",,Jalal-Abad in Kyrgyzstan is known for Fairy Tale Canyon and rich cultural heritage. Best time to visit: June–September. Popular foods: Kuurdak.,Issyk-Kul Lake; Ala-Too Square; Son-Kul Lake,June–September,halal available,budget,2,"family, food, luxury"
435,"Astana, Kazakhstan - Tour Package",Kazakhstan offers diverse travel experiences; let me know your interests.,2500,https://images.unsplash.com/photo-1488646953014-85cb44e25828?ixlib=rb-4.0.3&auto=format&fit=crop&w=800&q=60,Kazakhstan,Astana,Q&A,How can I travel from Astana to the capital of Kazakhstan?,,Kazakhstan offers diverse travel experiences; let me know your interests.,Charyn Canyon; Big Almaty Lake; Bayterek Tower,May–September,limited halal options,luxury,1,"halal, budget, adventure"
436,"Karaganda, Kazakhstan - Tour Package",I will suggest budget guesthouses and hostels near major attractions.,2500,https://images.unsplash.com/photo-1488646953014-85cb44e25828?ixlib=rb-4.0.3&auto=format&fit=crop&w=800&q=60,Kazakhstan,Karaganda,Conversation,"I'm on a tight budget, any cheap places to stay in Karaganda?",,I will suggest budget guesthouses and hostels near major attractions.,Charyn Canyon; Bayterek Tower; Aksu-Zhabagly,May–September,halal available,luxury,4,"nature, budget, history"
437,"Karakol, Kyrgyzstan - Tour Package",Sure — how many family members and ages?,2500,https://images.unsplash.com/photo-1488646953014-85cb44e25828?ixlib=rb-4.0.3&auto=format&fit=crop&w=800&q=60,Kyrgyzstan,Karakol,Conversation,Can you help me plan a family trip to Karakol?,,Sure — how many family members and ages?,Son-Kul Lake; Ala-Too Square; Fairy Tale Canyon,June–September,halal available,luxury,1,"budget, history, food"
438,"Ashgabat, Turkmenistan - Tour Package","Respect local customs, dress modestly when visiting religious sites, and ask permission before photographing people in rural areas.",800,https://images.unsplash.com/photo-1488646953014-85cb44e25828?ixlib=rb-4.0.3&auto=format&fit=crop&w=800&q=60,Turkmenistan,Ashgabat,Q&A,What cultural etiquette should I know before visiting Turkmenistan?,,"Respect local customs, dress modestly when visiting religious sites, and ask permission before photographing people in rural areas.",Ruins of Merv; Nisa Fortress; Kunya-Urgench,"April–June, September–October",halal available,budget,1,"budget, adventure, family"
439,"Balkanabat, Turkmenistan - Tour Package",Turkmenistan is generally safe for tourists; follow usual travel safety precautions and check local advice for female travelers.,800,https://images.unsplash.com/photo-1488646953014-85cb44e25828?ixlib=rb-4.0.3&auto=format&fit=crop&w=800&q=60,Turkmenistan,Balkanabat,Q&A,Is Turkmenistan safe for solo female travelers?,,Turkmenistan is generally safe for tourists; follow usual travel safety precautions and check local advice for female travelers.,Nisa Fortress; Kunya-Urgench; Darvaza Gas Crater,"April–June, September–October",halal available,budget,4,"history, family, adventure"
440,"Bishkek, Kyrgyzstan - Tour Package",Kyrgyzstan is generally safe for tourists; follow usual travel safety precautions and check local advice for female travelers.,1500,https://images.unsplash.com/photo-1466427573353-ca4d2ca1ee6d?ixlib=rb-4.0.3&auto=format&fit=crop&w=800&q=60,Kyrgyzstan,Bishkek,Q&A,Is Kyrgyzstan safe for solo female travelers?,,Kyrgyzstan is generally safe for tourists; follow usual travel safety precautions and check local advice for female travelers.,Issyk-Kul Lake; Fairy Tale Canyon; Son-Kul Lake,June–September,halal available,mid-range,4,"adventure, family, budget"
441,"Mary, Turkmenistan - Tour Package",Turkmenistan offers diverse travel experiences; let me know your interests.,800,https://images.unsplash.com/photo-1488646953014-85cb44e25828?ixlib=rb-4.0.3&auto=format&fit=crop&w=800&q=60,Turkmenistan,Mary,Q&A,How can I travel from Mary to the capital of Turkmenistan?,,Turkmenistan offers diverse travel experiences; let me know your interests.,Kunya-Urgench; Nisa Fortress; Yangykala Canyon,"April–June, September–October",limited halal options,budget,1,"budget, adventure, food"
442,"Osh, Kyrgyzstan - Tour Package","Respect local customs, dress modestly when visiting religious sites, and ask permission before photographing people in rural areas.",2500,https://images.unsplash.com/photo-1488646953014-85cb44e25828?ixlib=rb-4.0.3&auto=format&fit=crop&w=800&q=60,Kyrgyzstan,Osh,Q&A,What cultural etiquette should I know before visiting Kyrgyzstan?,,"Respect local customs, dress modestly when visiting religious sites, and ask permission before photographing people in rural areas.",Ala-Too Square; Burana Tower; Fairy Tale Canyon,June–September,limited halal options,luxury,10,"luxury, family, nature"
443,"Dushanbe, Tajikistan - Tour Package","Recommend outdoor, nature-focused destinations in Tajikistan.",800,https://images.unsplash.com/photo-1488646953014-85cb44e25828?ixlib=rb-4.0.3&auto=format&fit=crop&w=800&q=60,Tajikistan,Dushanbe,User_Preference,I prefer mountains and hiking.,,"Recommend outdoor, nature-focused destinations in Tajikistan.",Pamir Mountains; Fann Mountains; Iskanderkul,May–September,halal available,budget,1,"history, nature, family"
444,"Shymkent, Kazakhstan - Tour Package","Family-friendly spots include museums, parks, and easy cultural sites in Shymkent.",1500,https://images.unsplash.com/photo-1488646953014-85cb44e25828?ixlib=rb-4.0.3&auto=format&fit=crop&w=800&q=60,Kazakhstan,Shymkent,Q&A,"List family-friendly attractions in Shymkent, Kazakhstan.",,"Family-friendly spots include museums, parks, and easy cultural sites in Shymkent.",Charyn Canyon; Bayterek Tower; Medeu Skating Rink,May–September,halal available,mid-range,2,"adventure, nature, family"
445,"Turkmenbashi, Turkmenistan - Tour Package","Turkmenbashi in Turkmenistan is known for Yangykala Canyon and rich cultural heritage. Best time to visit: April–June, September–October. Popular food...",2500,https://images.unsplash.com/photo-1488646953014-85cb44e25828?ixlib=rb-4.0.3&auto=format&fit=crop&w=800&q=60,Turkmenistan,Turkmenbashi,Destination,"Provide a short description of Turkmenbashi, Turkmenistan.",,"Turkmenbashi in Turkmenistan is known for Yangykala Canyon and rich cultural heritage. Best time to visit: April–June, September–October. Popular foods: Shashlik.",Ruins of Merv; Darvaza Gas Crater; Yangykala Canyon,"April–June, September–October",halal available,luxury,5,"history, food, nature"
446,"Bukhara, Uzbekistan - Tour Package","Family-friendly spots include museums, parks, and easy cultural sites in Bukhara.",800,https://images.unsplash.com/photo-1488646953014-85cb44e25828?ixlib=rb-4.0.3&auto=format&fit=crop&w=800&q=60,Uzbekistan,Bukhara,Q&A,"List family-friendly attractions in Bukhara, Uzbekistan.",,"Family-friendly spots include museums, parks, and easy cultural sites in Bukhara.",Shah-i-Zinda; Ark Fortress; Registan,"April–June, September–October",halal available,budget,1,"budget, halal, food"
447,"Bishkek, Kyrgyzstan - Tour Package","Look for guesthouses, family-run hotels, and budget hostels near the city center or transport hubs.",2500,https://images.unsplash.com/photo-1466427573353-ca4d2ca1ee6d?ixlib=rb-4.0.3&auto=format&fit=crop&w=800&q=60,Kyrgyzstan,Bishkek,Q&A,"Suggest budget accommodation options in Bishkek, Kyrgyzstan.",,"Look for guesthouses, family-run hotels, and budget hostels near the city center or transport hubs.",Son-Kul Lake; Issyk-Kul Lake; Fairy Tale Canyon,June–September,halal available,luxury,1,"halal, adventure, family"
448,"Ashgabat, Turkmenistan - Tour Package",Visa requirements vary by nationality. Check the embassy website or official government portal for the latest visa rules for Turkmenistan.,2500,https://images.unsplash.com/photo-1488646953014-85cb44e25828?ixlib=rb-4.0.3&auto=format&fit=crop&w=800&q=60,Turkmenistan,Ashgabat,Q&A,How do I get a visa for Turkmenistan (if needed)?,,Visa requirements vary by nationality. Check the embassy website or official government portal for the latest visa rules for Turkmenistan.,Kunya-Urgench; Darvaza Gas Crater; Yangykala Canyon,"April–June, September–October",halal available,luxury,3,"halal, adventure, budget"
449,"Almaty, Kazakhstan - Tour Package",Day 1: Explore the city highlights in Almaty. Day 2: Visit nearby cultural or nature spots. Day 3: Shopping and local cuisine. Adjust based on interes...,2500,https://images.unsplash.com/photo-1560707303-4e980ce876ad?ixlib=rb-4.0.3&auto=format&fit=crop&w=800&q=60,Kazakhstan,Almaty,Q&A,"Recommend a 3-day itinerary for Almaty, Kazakhstan.",,Day 1: Explore the city highlights in Almaty. Day 2: Visit nearby cultural or nature spots. Day 3: Shopping and local cuisine. Adjust based on interests.,Bayterek Tower; Aksu-Zhabagly; Charyn Canyon,May–September,limited halal options,luxury,3,"history, halal, food"
450,"Dushanbe, Tajikistan - Tour Package",List halal-friendly cities and facilities in Tajikistan.,2500,https://images.unsplash.com/photo-1488646953014-85cb44e25828?ixlib=rb-4.0.3&auto=format&fit=crop&w=800&q=60,Tajikistan,Dushanbe,User_Preference,I need halal-friendly accommodation and nearby mosques.,,List halal-friendly cities and facilities in Tajikistan.,Pamir Mountains; Ancient Penjikent; Rudaki Park,May–September,halal available,luxury,2,"nature, halal, adventure"
451,"Balkanabat, Turkmenistan - Tour Package",Nice — do you want a city-focused or nature-focused itinerary?,1500,https://images.unsplash.com/photo-1488646953014-85cb44e25828?ixlib=rb-4.0.3&auto=format&fit=crop&w=800&q=60,Turkmenistan,Balkanabat,Conversation,I have 7 days and want to explore Turkmenistan.,,Nice — do you want a city-focused or nature-focused itinerary?,Kunya-Urgench; Ruins of Merv; Nisa Fortress,"April–June, September–October",halal available,mid-range,5,"halal, adventure, family"
452,"Astana, Kazakhstan - Tour Package",Astana in Kazakhstan is known for Aksu-Zhabagly and rich cultural heritage. Best time to visit: May–September. Popular foods: Baursak.,2500,https://images.unsplash.com/photo-1488646953014-85cb44e25828?ixlib=rb-4.0.3&auto=format&fit=crop&w=800&q=60,Kazakhstan,Astana,Destination,"Provide a short description of Astana, Kazakhstan.",,Astana in Kazakhstan is known for Aksu-Zhabagly and rich cultural heritage. Best time to visit: May–September. Popular foods: Baursak.,Medeu Skating Rink; Aksu-Zhabagly; Big Almaty Lake,May–September,halal available,luxury,2,"budget, luxury, nature"
453,"Mary, Turkmenistan - Tour Package",Visa requirements vary by nationality. Check the embassy website or official government portal for the latest visa rules for Turkmenistan.,800,https://images.unsplash.com/photo-1488646953014-85cb44e25828?ixlib=rb-4.0.3&auto=format&fit=crop&w=800&q=60,Turkmenistan,Mary,Q&A,How do I get a visa for Turkmenistan (if needed)?,,Visa requirements vary by nationality. Check the embassy website or official government portal for the latest visa rules for Turkmenistan.,Yangykala Canyon; Darvaza Gas Crater; Kunya-Urgench,"April–June, September–October",halal available,budget,7,"history, budget, food"
454,"Istaravshan, Tajikistan - Tour Package","Family-friendly spots include museums, parks, and easy cultural sites in Istaravshan.",800,https://images.unsplash.com/photo-1488646953014-85cb44e25828?ixlib=rb-4.0.3&auto=format&fit=crop&w=800&q=60,Tajikistan,Istaravshan,Q&A,"List family-friendly attractions in Istaravshan, Tajikistan.",,"Family-friendly spots include museums, parks, and easy cultural sites in Istaravshan.",Fann Mountains; Pamir Mountains; Iskanderkul,May–September,halal available,budget,1,"family, luxury, budget"
455,"Mary, Turkmenistan - Tour Package","Mary in Turkmenistan is known for Ruins of Merv and rich cultural heritage. Best time to visit: April–June, September–October. Popular foods: Shashlik...",1500,https://images.unsplash.com/photo-1488646953014-85cb44e25828?ixlib=rb-4.0.3&auto=format&fit=crop&w=800&q=60,Turkmenistan,Mary,Destination,"Provide a short description of Mary, Turkmenistan.",,"Mary in Turkmenistan is known for Ruins of Merv and rich cultural heritage. Best time to visit: April–June, September–October. Popular foods: Shashlik.",Darvaza Gas Crater; Nisa Fortress; Yangykala Canyon,"April–June, September–October",halal available,mid-range,2,"luxury, halal, budget"
456,"Osh, Kyrgyzstan - Tour Package",Sure — how many family members and ages?,800,https://images.unsplash.com/photo-1488646953014-85cb44e25828?ixlib=rb-4.0.3&auto=format&fit=crop&w=800&q=60,Kyrgyzstan,Osh,Conversation,Can you help me plan a family trip to Osh?,,Sure — how many family members and ages?,Son-Kul Lake; Issyk-Kul Lake; Ala-Too Square,June–September,halal available,budget,4,"history, food, adventure"
457,"Astana, Kazakhstan - Tour Package","Great! Do you prefer culture, nature, or adventure?",1500,https://images.unsplash.com/photo-1488646953014-85cb44e25828?ixlib=rb-4.0.3&auto=format&fit=crop&w=800&q=60,Kazakhstan,Astana,Conversation,"Hi, I want to plan a trip to Kazakhstan.",,"Great! Do you prefer culture, nature, or adventure?",Medeu Skating Rink; Big Almaty Lake; Bayterek Tower,May–September,halal available,mid-range,10,"luxury, nature, adventure"
458,"Dushanbe, Tajikistan - Tour Package",Dushanbe in Tajikistan is known for Rudaki Park and rich cultural heritage. Best time to visit: May–September. Popular foods: Shurbo.,2500,https://images.unsplash.com/photo-1488646953014-85cb44e25828?ixlib=rb-4.0.3&auto=format&fit=crop&w=800&q=60,Tajikistan,Dushanbe,Destination,"Provide a short description of Dushanbe, Tajikistan.",,Dushanbe in Tajikistan is known for Rudaki Park and rich cultural heritage. Best time to visit: May–September. Popular foods: Shurbo.,Fann Mountains; Rudaki Park; Ancient Penjikent,May–September,limited halal options,luxury,5,"history, family, luxury"
459,"Istaravshan, Tajikistan - Tour Package","Great! Do you prefer culture, nature, or adventure?",1500,https://images.unsplash.com/photo-1488646953014-85cb44e25828?ixlib=rb-4.0.3&auto=format&fit=crop&w=800&q=60,Tajikistan,Istaravshan,Conversation,"Hi, I want to plan a trip to Tajikistan.",,"Great! Do you prefer culture, nature, or adventure?",Pamir Mountains; Rudaki Park; Fann Mountains,May–September,halal available,mid-range,5,"history, nature, food"
460,"Istaravshan, Tajikistan - Tour Package",I can recommend popular halal restaurants nearby — any cuisine preference?,800,https://images.unsplash.com/photo-1488646953014-85cb44e25828?ixlib=rb-4.0.3&auto=format&fit=crop&w=800&q=60,Tajikistan,Istaravshan,Conversation,I am looking for halal food in Istaravshan.,,I can recommend popular halal restaurants nearby — any cuisine preference?,Rudaki Park; Pamir Mountains; Ancient Penjikent,May–September,halal available,budget,7,"food, adventure, halal"
461,"Dushanbe, Tajikistan - Tour Package","Great! Do you prefer culture, nature, or adventure?",1500,https://images.unsplash.com/photo-1488646953014-85cb44e25828?ixlib=rb-4.0.3&auto=format&fit=crop&w=800&q=60,Tajikistan,Dushanbe,Conversation,"Hi, I want to plan a trip to Tajikistan.",,"Great! Do you prefer culture, nature, or adventure?",Pamir Mountains; Ancient Penjikent; Rudaki Park,May–September,halal available,mid-range,1,"food, adventure, family"
462,"Karaganda, Kazakhstan - Tour Package",Day 1: Explore the city highlights in Karaganda. Day 2: Visit nearby cultural or nature spots. Day 3: Shopping and local cuisine. Adjust based on inte...,1500,https://images.unsplash.com/photo-1488646953014-85cb44e25828?ixlib=rb-4.0.3&auto=format&fit=crop&w=800&q=60,Kazakhstan,Karaganda,Q&A,"Recommend a 3-day itinerary for Karaganda, Kazakhstan.",,Day 1: Explore the city highlights in Karaganda. Day 2: Visit nearby cultural or nature spots. Day 3: Shopping and local cuisine. Adjust based on interests.,Medeu Skating Rink; Charyn Canyon; Big Almaty Lake,May–September,halal available,mid-range,7,"halal, history, family"
463,"Panjakent, Tajikistan - Tour Package",Panjakent in Tajikistan is known for Pamir Mountains and rich cultural heritage. Best time to visit: May–September. Popular foods: Osh.,1500,https://images.unsplash.com/photo-1488646953014-85cb44e25828?ixlib=rb-4.0.3&auto=format&fit=crop&w=800&q=60,Tajikistan,Panjakent,Destination,"Provide a short description of Panjakent, Tajikistan.",,Panjakent in Tajikistan is known for Pamir Mountains and rich cultural heritage. Best time to visit: May–September. Popular foods: Osh.,Ancient Penjikent; Rudaki Park; Iskanderkul,May–September,halal available,mid-range,5,"food, nature, budget"
464,"Almaty, Kazakhstan - Tour Package",Almaty in Kazakhstan is known for Bayterek Tower and rich cultural heritage. Best time to visit: May–September. Popular foods: Baursak.,800,https://images.unsplash.com/photo-1560707303-4e980ce876ad?ixlib=rb-4.0.3&auto=format&fit=crop&w=800&q=60,Kazakhstan,Almaty,Destination,"Provide a short description of Almaty, Kazakhstan.",,Almaty in Kazakhstan is known for Bayterek Tower and rich cultural heritage. Best time to visit: May–September. Popular foods: Baursak.,Big Almaty Lake; Bayterek Tower; Aksu-Zhabagly,May–September,halal available,budget,2,"history, family, food"
465,"Khiva, Uzbekistan - Tour Package","Khiva in Uzbekistan is known for Itchan Kala and rich cultural heritage. Best time to visit: April–June, September–October. Popular foods: Shashlik.",2500,https://images.unsplash.com/photo-1506905925346-21bda4d32df4?ixlib=rb-4.0.3&auto=format&fit=crop&w=800&q=60,Uzbekistan,Khiva,Destination,"Provide a short description of Khiva, Uzbekistan.",,"Khiva in Uzbekistan is known for Itchan Kala and rich cultural heritage. Best time to visit: April–June, September–October. Popular foods: Shashlik.",Registan; Itchan Kala; Shah-i-Zinda,"April–June, September–October",halal available,luxury,4,"luxury, adventure, budget"
466,"Shakhrisabz, Uzbekistan - Tour Package","Shakhrisabz in Uzbekistan is known for Gur-e-Amir and rich cultural heritage. Best time to visit: April–June, September–October. Popular foods: Shashl...",800,https://images.unsplash.com/photo-1488646953014-85cb44e25828?ixlib=rb-4.0.3&auto=format&fit=crop&w=800&q=60,Uzbekistan,Shakhrisabz,Destination,"Provide a short description of Shakhrisabz, Uzbekistan.",,"Shakhrisabz in Uzbekistan is known for Gur-e-Amir and rich cultural heritage. Best time to visit: April–June, September–October. Popular foods: Shashlik.",Ark Fortress; Gur-e-Amir; Registan,"April–June, September–October",halal available,budget,7,"halal, history, nature"
467,"Shakhrisabz, Uzbekistan - Tour Package",I can recommend popular halal restaurants nearby — any cuisine preference?,800,https://images.unsplash.com/photo-1488646953014-85cb44e25828?ixlib=rb-4.0.3&auto=format&fit=crop&w=800&q=60,Uzbekistan,Shakhrisabz,Conversation,I am looking for halal food in Shakhrisabz.,,I can recommend popular halal restaurants nearby — any cuisine preference?,Ark Fortress; Registan; Itchan Kala,"April–June, September–October",halal available,budget,2,"family, luxury, halal"
468,"Balkanabat, Turkmenistan - Tour Package",Nice — do you want a city-focused or nature-focused itinerary?,1500,https://images.unsplash.com/photo-1488646953014-85cb44e25828?ixlib=rb-4.0.3&auto=format&fit=crop&w=800&q=60,Turkmenistan,Balkanabat,Conversation,I have 7 days and want to explore Turkmenistan.,,Nice — do you want a city-focused or nature-focused itinerary?,Kunya-Urgench; Nisa Fortress; Darvaza Gas Crater,"April–June, September–October",halal available,mid-range,3,"halal, adventure, history"
469,"Panjakent, Tajikistan - Tour Package","Try local dishes like Qurutob, Shurbo when in Panjakent.",800,https://images.unsplash.com/photo-1488646953014-85cb44e25828?ixlib=rb-4.0.3&auto=format&fit=crop&w=800&q=60,Tajikistan,Panjakent,Q&A,What local dishes should I try in Panjakent?,,"Try local dishes like Qurutob, Shurbo when in Panjakent.",Fann Mountains; Ancient Penjikent; Rudaki Park,May–September,halal available,budget,7,"adventure, family, history"
470,"Shakhrisabz, Uzbekistan - Tour Package",I will suggest budget guesthouses and hostels near major attractions.,2500,https://images.unsplash.com/photo-1488646953014-85cb44e25828?ixlib=rb-4.0.3&auto=format&fit=crop&w=800&q=60,Uzbekistan,Shakhrisabz,Conversation,"I'm on a tight budget, any cheap places to stay in Shakhrisabz?",,I will suggest budget guesthouses and hostels near major attractions.,Registan; Itchan Kala; Ark Fortress,"April–June, September–October",halal available,luxury,3,"budget, family, food"
471,"Jalal-Abad, Kyrgyzstan - Tour Package",Jalal-Abad in Kyrgyzstan is known for Fairy Tale Canyon and rich cultural heritage. Best time to visit: June–September. Popular foods: Laghman.,1500,https://images.unsplash.com/photo-1488646953014-85cb44e25828?ixlib=rb-4.0.3&auto=format&fit=crop&w=800&q=60,Kyrgyzstan,Jalal-Abad,Destination,"Provide a short description of Jalal-Abad, Kyrgyzstan.",,Jalal-Abad in Kyrgyzstan is known for Fairy Tale Canyon and rich cultural heritage. Best time to visit: June–September. Popular foods: Laghman.,Issyk-Kul Lake; Son-Kul Lake; Burana Tower,June–September,halal available,mid-range,4,"food, family, nature"
472,"Osh, Kyrgyzstan - Tour Package","Top attractions in Kyrgyzstan include Son-Kul Lake, Ala-Too Square, Burana Tower.",1500,https://images.unsplash.com/photo-1488646953014-85cb44e25828?ixlib=rb-4.0.3&auto=format&fit=crop&w=800&q=60,Kyrgyzstan,Osh,Q&A,What are the top tourist attractions in Kyrgyzstan?,,"Top attractions in Kyrgyzstan include Son-Kul Lake, Ala-Too Square, Burana Tower.",Issyk-Kul Lake; Son-Kul Lake; Fairy Tale Canyon,June–September,halal available,mid-range,5,"adventure, history, halal"
473,"Shymkent, Kazakhstan - Tour Package","Top attractions in Kazakhstan include Bayterek Tower, Aksu-Zhabagly, Big Almaty Lake.",1500,https://images.unsplash.com/photo-1488646953014-85cb44e25828?ixlib=rb-4.0.3&auto=format&fit=crop&w=800&q=60,Kazakhstan,Shymkent,Q&A,"Suggest top places to visit in Shymkent, Kazakhstan.",,"Top attractions in Kazakhstan include Bayterek Tower, Aksu-Zhabagly, Big Almaty Lake.",Aksu-Zhabagly; Bayterek Tower; Charyn Canyon,May–September,halal available,mid-range,3,"budget, halal, family"
474,"Ashgabat, Turkmenistan - Tour Package",Nice — do you want a city-focused or nature-focused itinerary?,1500,https://images.unsplash.com/photo-1488646953014-85cb44e25828?ixlib=rb-4.0.3&auto=format&fit=crop&w=800&q=60,Turkmenistan,Ashgabat,Conversation,I have 7 days and want to explore Turkmenistan.,,Nice — do you want a city-focused or nature-focused itinerary?,Nisa Fortress; Yangykala Canyon; Kunya-Urgench,"April–June, September–October",halal available,mid-range,10,"history, halal, nature"
475,"Khujand, Tajikistan - Tour Package",Khujand in Tajikistan is known for Ancient Penjikent and rich cultural heritage. Best time to visit: May–September. Popular foods: Osh.,2500,https://images.unsplash.com/photo-1488646953014-85cb44e25828?ixlib=rb-4.0.3&auto=format&fit=crop&w=800&q=60,Tajikistan,Khujand,Destination,"Provide a short description of Khujand, Tajikistan.",,Khujand in Tajikistan is known for Ancient Penjikent and rich cultural heritage. Best time to visit: May–September. Popular foods: Osh.,Rudaki Park; Ancient Penjikent; Fann Mountains,May–September,halal available,luxury,3,"halal, family, budget"
476,"Samarkand, Uzbekistan - Tour Package","Samarkand in Uzbekistan is known for Ark Fortress and rich cultural heritage. Best time to visit: April–June, September–October. Popular foods: Samsa.",1500,https://images.unsplash.com/photo-1584837403392-39b23aa8c9e0?ixlib=rb-4.0.3&auto=format&fit=crop&w=800&q=60,Uzbekistan,Samarkand,Destination,"Provide a short description of Samarkand, Uzbekistan.",,"Samarkand in Uzbekistan is known for Ark Fortress and rich cultural heritage. Best time to visit: April–June, September–October. Popular foods: Samsa.",Registan; Gur-e-Amir; Itchan Kala,"April–June, September–October",halal available,mid-range,4,"food, family, budget"
477,"Khujand, Tajikistan - Tour Package",Khujand in Tajikistan is known for Fann Mountains and rich cultural heritage. Best time to visit: May–September. Popular foods: Shurbo.,1500,https://images.unsplash.com/photo-1488646953014-85cb44e25828?ixlib=rb-4.0.3&auto=format&fit=crop&w=800&q=60,Tajikistan,Khujand,Destination,"Provide a short description of Khujand, Tajikistan.",,Khujand in Tajikistan is known for Fann Mountains and rich cultural heritage. Best time to visit: May–September. Popular foods: Shurbo.,Fann Mountains; Iskanderkul; Pamir Mountains,May–September,halal available,mid-range,2,"halal, adventure, food"
478,"Aktau, Kazakhstan - Tour Package","Top attractions in Kazakhstan include Bayterek Tower, Charyn Canyon, Big Almaty Lake.",1500,https://images.unsplash.com/photo-1488646953014-85cb44e25828?ixlib=rb-4.0.3&auto=format&fit=crop&w=800&q=60,Kazakhstan,Aktau,Q&A,"Suggest top places to visit in Aktau, Kazakhstan.",,"Top attractions in Kazakhstan include Bayterek Tower, Charyn Canyon, Big Almaty Lake.",Charyn Canyon; Big Almaty Lake; Bayterek Tower,May–September,halal available,mid-range,5,"food, nature, luxury"
479,"Panjakent, Tajikistan - Tour Package",Day 1: Explore the city highlights in Panjakent. Day 2: Visit nearby cultural or nature spots. Day 3: Shopping and local cuisine. Adjust based on inte...,800,https://images.unsplash.com/photo-1488646953014-85cb44e25828?ixlib=rb-4.0.3&auto=format&fit=crop&w=800&q=60,Tajikistan,Panjakent,Q&A,"Recommend a 3-day itinerary for Panjakent, Tajikistan.",,Day 1: Explore the city highlights in Panjakent. Day 2: Visit nearby cultural or nature spots. Day 3: Shopping and local cuisine. Adjust based on interests.,Pamir Mountains; Iskanderkul; Fann Mountains,May–September,halal available,budget,2,"history, adventure, budget"
480,"Ashgabat, Turkmenistan - Tour Package","You can travel by bus, shared taxi, or domestic flight depending on distance. Check local bus timetables or domestic flights for best convenience.",800,https://images.unsplash.com/photo-1488646953014-85cb44e25828?ixlib=rb-4.0.3&auto=format&fit=crop&w=800&q=60,Turkmenistan,Ashgabat,Q&A,How to get from the airport to the city center in Ashgabat?,,"You can travel by bus, shared taxi, or domestic flight depending on distance. Check local bus timetables or domestic flights for best convenience.",Darvaza Gas Crater; Yangykala Canyon; Ruins of Merv,"April–June, September–October",halal available,budget,1,"family, history, luxury"
481,"Osh, Kyrgyzstan - Tour Package","Yes, Osh has halal restaurants. Popular options include local Central Asian cuisine and some halal-certified eateries in the city center.",1500,https://images.unsplash.com/photo-1488646953014-85cb44e25828?ixlib=rb-4.0.3&auto=format&fit=crop&w=800&q=60,Kyrgyzstan,Osh,Q&A,"Are there halal restaurants in Osh, Kyrgyzstan?",,"Yes, Osh has halal restaurants. Popular options include local Central Asian cuisine and some halal-certified eateries in the city center.",Burana Tower; Fairy Tale Canyon; Son-Kul Lake,June–September,halal available,mid-range,7,"nature, food, luxury"
482,"Shymkent, Kazakhstan - Tour Package","Respect local customs, dress modestly when visiting religious sites, and ask permission before photographing people in rural areas.",2500,https://images.unsplash.com/photo-1488646953014-85cb44e25828?ixlib=rb-4.0.3&auto=format&fit=crop&w=800&q=60,Kazakhstan,Shymkent,Q&A,What cultural etiquette should I know before visiting Kazakhstan?,,"Respect local customs, dress modestly when visiting religious sites, and ask permission before photographing people in rural areas.",Aksu-Zhabagly; Charyn Canyon; Big Almaty Lake,May–September,halal available,luxury,3,"family, nature, halal"
483,"Jalal-Abad, Kyrgyzstan - Tour Package","Top attractions in Kyrgyzstan include Burana Tower, Fairy Tale Canyon, Son-Kul Lake.",2500,https://images.unsplash.com/photo-1488646953014-85cb44e25828?ixlib=rb-4.0.3&auto=format&fit=crop&w=800&q=60,Kyrgyzstan,Jalal-Abad,Q&A,"Suggest top places to visit in Jalal-Abad, Kyrgyzstan.",,"Top attractions in Kyrgyzstan include Burana Tower, Fairy Tale Canyon, Son-Kul Lake.",Son-Kul Lake; Ala-Too Square; Fairy Tale Canyon,June–September,halal available,luxury,1,"nature, adventure, history"
484,"Khiva, Uzbekistan - Tour Package","Family-friendly spots include museums, parks, and easy cultural sites in Khiva.",1500,https://images.unsplash.com/photo-1506905925346-21bda4d32df4?ixlib=rb-4.0.3&auto=format&fit=crop&w=800&q=60,Uzbekistan,Khiva,Q&A,"List family-friendly attractions in Khiva, Uzbekistan.",,"Family-friendly spots include museums, parks, and easy cultural sites in Khiva.",Shah-i-Zinda; Itchan Kala; Ark Fortress,"April–June, September–October",halal available,mid-range,10,"adventure, halal, budget"
485,"Ashgabat, Turkmenistan - Tour Package",Suggest budget-friendly destinations and tips in Turkmenistan.,2500,https://images.unsplash.com/photo-1488646953014-85cb44e25828?ixlib=rb-4.0.3&auto=format&fit=crop&w=800&q=60,Turkmenistan,Ashgabat,User_Preference,I travel on a budget.,,Suggest budget-friendly destinations and tips in Turkmenistan.,Yangykala Canyon; Ruins of Merv; Darvaza Gas Crater,"April–June, September–October",halal available,luxury,4,"nature, adventure, food"
486,"Istaravshan, Tajikistan - Tour Package","Yes, Istaravshan has halal restaurants. Popular options include local Central Asian cuisine and some halal-certified eateries in the city center.",2500,https://images.unsplash.com/photo-1488646953014-85cb44e25828?ixlib=rb-4.0.3&auto=format&fit=crop&w=800&q=60,Tajikistan,Istaravshan,Q&A,"Are there halal restaurants in Istaravshan, Tajikistan?",,"Yes, Istaravshan has halal restaurants. Popular options include local Central Asian cuisine and some halal-certified eateries in the city center.",Pamir Mountains; Fann Mountains; Ancient Penjikent,May–September,halal available,luxury,7,"halal, budget, food"
487,"Istaravshan, Tajikistan - Tour Package","Try local dishes like Qurutob, Osh when in Istaravshan.",1500,https://images.unsplash.com/photo-1488646953014-85cb44e25828?ixlib=rb-4.0.3&auto=format&fit=crop&w=800&q=60,Tajikistan,Istaravshan,Q&A,What local dishes should I try in Istaravshan?,,"Try local dishes like Qurutob, Osh when in Istaravshan.",Rudaki Park; Ancient Penjikent; Iskanderkul,May–September,halal available,mid-range,5,"food, family, history"
488,"Dushanbe, Tajikistan - Tour Package","Popular activities include hiking, horseback riding, lake visits, and cultural walks depending on the country.",2500,https://images.unsplash.com/photo-1488646953014-85cb44e25828?ixlib=rb-4.0.3&auto=format&fit=crop&w=800&q=60,Tajikistan,Dushanbe,Q&A,What outdoor activities are popular in Tajikistan?,,"Popular activities include hiking, horseback riding, lake visits, and cultural walks depending on the country.",Iskanderkul; Fann Mountains; Rudaki Park,May–September,halal available,luxury,4,"adventure, family, nature"
489,"Mary, Turkmenistan - Tour Package",Suggest budget-friendly destinations and tips in Turkmenistan.,2500,https://images.unsplash.com/photo-1488646953014-85cb44e25828?ixlib=rb-4.0.3&auto=format&fit=crop&w=800&q=60,Turkmenistan,Mary,User_Preference,I travel on a budget.,,Suggest budget-friendly destinations and tips in Turkmenistan.,Darvaza Gas Crater; Nisa Fortress; Yangykala Canyon,"April–June, September–October",halal available,luxury,4,"budget, family, food"
490,"Mary, Turkmenistan - Tour Package","Popular activities include hiking, horseback riding, lake visits, and cultural walks depending on the country.",1500,https://images.unsplash.com/photo-1488646953014-85cb44e25828?ixlib=rb-4.0.3&auto=format&fit=crop&w=800&q=60,Turkmenistan,Mary,Q&A,What outdoor activities are popular in Turkmenistan?,,"Popular activities include hiking, horseback riding, lake visits, and cultural walks depending on the country.",Darvaza Gas Crater; Kunya-Urgench; Yangykala Canyon,"April–June, September–October",halal available,mid-range,3,"nature, budget, adventure"
491,"Shymkent, Kazakhstan - Tour Package",Recommend cities for history & food lovers in Kazakhstan.,1500,https://images.unsplash.com/photo-1488646953014-85cb44e25828?ixlib=rb-4.0.3&auto=format&fit=crop&w=800&q=60,Kazakhstan,Shymkent,User_Preference,I like historical sites and local food.,,Recommend cities for history & food lovers in Kazakhstan.,Aksu-Zhabagly; Charyn Canyon; Bayterek Tower,May–September,halal available,mid-range,3,"luxury, halal, budget"
492,"Tashkent, Uzbekistan - Tour Package","The best time to visit Uzbekistan is April–June, September–October.",1500,https://images.unsplash.com/photo-1567427217543-7c3f0533cf63?ixlib=rb-4.0.3&auto=format&fit=crop&w=800&q=60,Uzbekistan,Tashkent,Q&A,What is the best time to visit Uzbekistan?,,"The best time to visit Uzbekistan is April–June, September–October.",Shah-i-Zinda; Registan; Itchan Kala,"April–June, September–October",halal available,mid-range,5,"family, adventure, luxury"
493,"Dashoguz, Turkmenistan - Tour Package","Popular activities include hiking, horseback riding, lake visits, and cultural walks depending on the country.",2500,https://images.unsplash.com/photo-1488646953014-85cb44e25828?ixlib=rb-4.0.3&auto=format&fit=crop&w=800&q=60,Turkmenistan,Dashoguz,Q&A,What outdoor activities are popular in Turkmenistan?,,"Popular activities include hiking, horseback riding, lake visits, and cultural walks depending on the country.",Nisa Fortress; Yangykala Canyon; Kunya-Urgench,"April–June, September–October",halal available,luxury,3,"budget, halal, food"
494,"Shakhrisabz, Uzbekistan - Tour Package",Visa requirements vary by nationality. Check the embassy website or official government portal for the latest visa rules for Uzbekistan.,2500,https://images.unsplash.com/photo-1488646953014-85cb44e25828?ixlib=rb-4.0.3&auto=format&fit=crop&w=800&q=60,Uzbekistan,Shakhrisabz,Q&A,How do I get a visa for Uzbekistan (if needed)?,,Visa requirements vary by nationality. Check the embassy website or official government portal for the latest visa rules for Uzbekistan.,Itchan Kala; Gur-e-Amir; Shah-i-Zinda,"April–June, September–October",halal available,luxury,1,"history, halal, family"
495,"Bishkek, Kyrgyzstan - Tour Package","Great! Do you prefer culture, nature, or adventure?",2500,https://images.unsplash.com/photo-1466427573353-ca4d2ca1ee6d?ixlib=rb-4.0.3&auto=format&fit=crop&w=800&q=60,Kyrgyzstan,Bishkek,Conversation,"Hi, I want to plan a trip to Kyrgyzstan.",,"Great! Do you prefer culture, nature, or adventure?",Issyk-Kul Lake; Son-Kul Lake; Burana Tower,June–September,halal available,luxury,3,"budget, adventure, luxury"
496,"Panjakent, Tajikistan - Tour Package",The best time to visit Tajikistan is May–September.,1500,https://images.unsplash.com/photo-1488646953014-85cb44e25828?ixlib=rb-4.0.3&auto=format&fit=crop&w=800&q=60,Tajikistan,Panjakent,Q&A,What is the best time to visit Tajikistan?,,The best time to visit Tajikistan is May–September.,Rudaki Park; Pamir Mountains; Iskanderkul,May–September,halal available,mid-range,10,"budget, nature, food"
497,"Astana, Kazakhstan - Tour Package","Popular activities include hiking, horseback riding, lake visits, and cultural walks depending on the country.",2500,https://images.unsplash.com/photo-1488646953014-85cb44e25828?ixlib=rb-4.0.3&auto=format&fit=crop&w=800&q=60,Kazakhstan,Astana,Q&A,What outdoor activities are popular in Kazakhstan?,,"Popular activities include hiking, horseback riding, lake visits, and cultural walks depending on the country.",Charyn Canyon; Medeu Skating Rink; Bayterek Tower,May–September,halal available,luxury,4,"food, history, nature"
498,"Istaravshan, Tajikistan - Tour Package",I will suggest budget guesthouses and hostels near major attractions.,2500,https://images.unsplash.com/photo-1488646953014-85cb44e25828?ixlib=rb-4.0.3&auto=format&fit=crop&w=800&q=60,Tajikistan,Istaravshan,Conversation,"I'm on a tight budget, any cheap places to stay in Istaravshan?",,I will suggest budget guesthouses and hostels near major attractions.,Rudaki Park; Pamir Mountains; Ancient Penjikent,May–September,halal available,luxury,10,"luxury, adventure, food"
499,"Astana, Kazakhstan - Tour Package",Astana in Kazakhstan is known for Charyn Canyon and rich cultural heritage. Best time to visit: May–September. Popular foods: Baursak.,1500,https://images.unsplash.com/photo-1488646953014-85cb44e25828?ixlib=rb-4.0.3&auto=format&fit=crop&w=800&q=60,Kazakhstan,Astana,Destination,"Provide a short description of Astana, Kazakhstan.",,Astana in Kazakhstan is known for Charyn Canyon and rich cultural heritage. Best time to visit: May–September. Popular foods: Baursak.,Big Almaty Lake; Medeu Skating Rink; Bayterek Tower,May–September,halal available,mid-range,5,"halal, history, budget"
500,"Dashoguz, Turkmenistan - Tour Package","Great! Do you prefer culture, nature, or adventure?",2500,https://images.unsplash.com/photo-1488646953014-85cb44e25828?ixlib=rb-4.0.3&auto=format&fit=crop&w=800&q=60,Turkmenistan,Dashoguz,Conversation,"Hi, I want to plan a trip to Turkmenistan.",,"Great! Do you prefer culture, nature, or adventure?",Yangykala Canyon; Kunya-Urgench; Nisa Fortress,"April–June, September–October",halal available,luxury,7,"family, adventure, luxury"
